run_name,dataset,model,method,position_mode,poison_rate,kc,seed,metric_source,final_clean_acc,final_csg,final_invalid_leak,final_single_leak,final_valid_asr,final_valid_asr_c1,final_valid_asr_c10,final_valid_asr_c2,final_valid_asr_c3,final_valid_asr_c4,final_valid_asr_c5,final_valid_asr_c6,final_valid_asr_c7,final_valid_asr_c8,final_valid_asr_c9,final_wrong_asr,best_clean_acc,best_csg,best_invalid_leak,best_single_leak,best_valid_asr,best_valid_asr_c1,best_valid_asr_c10,best_valid_asr_c2,best_valid_asr_c3,best_valid_asr_c4,best_valid_asr_c5,best_valid_asr_c6,best_valid_asr_c7,best_valid_asr_c8,best_valid_asr_c9,best_wrong_asr,final_per_config_min,final_per_config_max,final_per_config_std
cifar100_resnet18_full_dyn_pr0.05_kc10_seed0,cifar100,resnet18,full,dynamic,0.05,10,0,./results/cifar100_resnet18_full_dyn_pr0.05_kc10_seed0/summary.json,0.7612,0.9760570707070709,0.022637037037037035,0.02265,0.9987070707070709,0.998989898989899,0.9990909090909091,0.9987878787878788,0.9988888888888889,0.9987878787878788,0.9990909090909091,0.9988888888888889,0.9988888888888889,0.9962626262626263,0.9993939393939394,0.0006060606060606061,0.759,0.976609090909091,0.022150617283950617,0.02218888888888889,0.9987979797979799,0.9986868686868687,0.9985858585858586,0.9976767676767677,0.9991919191919192,0.9977777777777778,0.9997979797979798,0.9993939393939394,0.9994949494949495,0.9976767676767677,0.9996969696969698,0.0006060606060606061,0.9962626262626263,0.9993939393939394,0.0008327056099201978
cifar100_resnet18_full_dyn_pr0.05_kc10_seed1,cifar100,resnet18,full,dynamic,0.05,10,1,./results/cifar100_resnet18_full_dyn_pr0.05_kc10_seed1/summary.json,0.7627,0.9758462401795736,0.0225679012345679,0.022477777777777777,0.9984141414141414,0.997979797979798,0.9978787878787879,0.9984848484848485,0.9987878787878788,0.9985858585858586,0.9978787878787879,0.9990909090909091,0.9984848484848485,0.9983838383838384,0.9985858585858586,0.00040404040404040404,0.7616,0.9776171717171716,0.02072469135802469,0.020877777777777776,0.9984949494949493,0.9987878787878788,0.9984848484848485,0.9994949494949495,0.998989898989899,0.997979797979798,0.9984848484848485,0.9991919191919192,0.9971717171717172,0.9978787878787879,0.9984848484848485,0.0006060606060606061,0.9978787878787879,0.9990909090909091,0.00037808014691339067
cifar100_resnet18_full_dyn_pr0.05_kc10_seed2,cifar100,resnet18,full,dynamic,0.05,10,2,./results/cifar100_resnet18_full_dyn_pr0.05_kc10_seed2/summary.json,0.7653,0.9735131313131314,0.024577777777777778,0.0241,0.9980909090909093,0.9988888888888889,0.998989898989899,0.9981818181818182,0.9966666666666667,0.9984848484848485,0.997979797979798,0.9966666666666667,0.9981818181818182,0.9980808080808081,0.9987878787878788,0.0007070707070707071,0.7637,0.9740420875420877,0.024796296296296295,0.02455,0.998838383838384,0.998989898989899,0.9990909090909091,0.9994949494949495,0.9976767676767677,0.9991919191919192,0.9985858585858586,0.997979797979798,0.9986868686868687,0.9994949494949495,0.9991919191919192,0.000505050505050505,0.9966666666666667,0.998989898989899,0.0007856092668828523
cifar100_resnet18_full_dyn_pr0.05_kc6_seed0,cifar100,resnet18,full,dynamic,0.05,6,0,./results/cifar100_resnet18_full_dyn_pr0.05_kc6_seed0/summary.json,0.765,0.9812348663944409,0.015446808510638298,0.017216312056737588,0.9984511784511785,0.9984848484848485,,0.9975757575757576,0.9984848484848485,0.9982828282828283,0.9985858585858586,0.9992929292929293,,,,0.00010101010101010101,0.765,0.9823259187620891,0.014868794326241134,0.016613475177304965,0.998939393939394,0.9985858585858586,,0.9986868686868687,0.9984848484848485,0.9991919191919192,0.9995959595959596,0.9990909090909091,,,,0.00010101010101010101,0.9975757575757576,0.9992929292929293,0.0005039269207776521
cifar100_resnet18_full_dyn_pr0.05_kc6_seed1,cifar100,resnet18,full,dynamic,0.05,6,1,./results/cifar100_resnet18_full_dyn_pr0.05_kc6_seed1/summary.json,0.7648,0.9839731535210259,0.014226950354609929,0.014831560283687944,0.9988047138047138,0.9983838383838384,,0.9995959595959596,0.9994949494949495,0.9991919191919192,0.997979797979798,0.9981818181818182,,,,0.0,0.7648,0.9839731535210259,0.014226950354609929,0.014831560283687944,0.9988047138047138,0.9983838383838384,,0.9995959595959596,0.9994949494949495,0.9991919191919192,0.997979797979798,0.9981818181818182,,,,0.0,0.997979797979798,0.9995959595959596,0.0006452447103278524
cifar100_resnet18_full_dyn_pr0.05_kc6_seed2,cifar100,resnet18,full,dynamic,0.05,6,2,./results/cifar100_resnet18_full_dyn_pr0.05_kc6_seed2/summary.json,0.7604,0.9791142811089619,0.014418439716312056,0.019370567375886525,0.9984848484848484,0.9984848484848485,,0.998989898989899,0.9974747474747475,0.9974747474747475,0.9993939393939394,0.9990909090909091,,,,0.00010101010101010101,0.7606,0.9795821692098287,0.013606382978723405,0.01927304964539007,0.9988552188552188,0.9976767676767677,,0.9990909090909091,0.9994949494949495,0.9990909090909091,0.9992929292929293,0.9984848484848485,,,,0.0,0.9974747474747475,0.9993939393939394,0.0007626095389162252
cifar100_resnet18_full_dyn_pr0.05_kc8_seed0,cifar100,resnet18,full,dynamic,0.05,8,0,./results/cifar100_resnet18_full_dyn_pr0.05_kc8_seed0/summary.json,0.7647,0.9802194499341239,0.018157996894409938,0.018682065217391304,0.9989015151515153,0.9993939393939394,,0.9990909090909091,0.9985858585858586,0.9991919191919192,0.9990909090909091,0.9985858585858586,0.9980808080808081,0.9991919191919192,,0.00010101010101010101,0.753,0.9802569169960476,0.017614518633540372,0.018152173913043478,0.998409090909091,0.9996969696969698,,0.9993939393939394,0.9996969696969698,0.9970707070707071,0.9990909090909091,0.9978787878787879,0.9970707070707071,0.9973737373737374,,0.00020202020202020202,0.9980808080808081,0.9993939393939394,0.0004116626360328514
cifar100_resnet18_full_dyn_pr0.05_kc8_seed1,cifar100,resnet18,full,dynamic,0.05,8,1,./results/cifar100_resnet18_full_dyn_pr0.05_kc8_seed1/summary.json,0.7689,0.9793533157663592,0.018957686335403727,0.018967391304347825,0.9983207070707071,0.9993939393939394,,0.9983838383838384,0.9990909090909091,0.998989898989899,0.9983838383838384,0.9978787878787879,0.9986868686868687,0.9957575757575757,,0.00030303030303030303,0.7689,0.9793533157663592,0.018957686335403727,0.018967391304347825,0.9983207070707071,0.9993939393939394,,0.9983838383838384,0.9990909090909091,0.998989898989899,0.9983838383838384,0.9978787878787879,0.9986868686868687,0.9957575757575757,,0.00030303030303030303,0.9957575757575757,0.9993939393939394,0.0010665268838238502
cifar100_resnet18_full_dyn_pr0.05_kc8_seed2,cifar100,resnet18,full,dynamic,0.05,8,2,./results/cifar100_resnet18_full_dyn_pr0.05_kc8_seed2/summary.json,0.7605,0.9775332125603863,0.021494565217391303,0.021467391304347827,0.9990277777777776,0.998989898989899,,0.9984848484848485,0.9995959595959596,0.998989898989899,0.9987878787878788,0.9990909090909091,0.9995959595959596,0.9986868686868687,,0.000505050505050505,0.7605,0.9775332125603863,0.021494565217391303,0.021467391304347827,0.9990277777777776,0.998989898989899,,0.9984848484848485,0.9995959595959596,0.998989898989899,0.9987878787878788,0.9990909090909091,0.9995959595959596,0.9986868686868687,,0.000505050505050505,0.9984848484848485,0.9995959595959596,0.00037434260303972444
cifar100_vgg11_full_dyn_pr0.05_kc10_seed0,cifar100,vgg11,full,dynamic,0.05,10,0,./results/cifar100_vgg11_full_dyn_pr0.05_kc10_seed0/summary.json,0.6834,0.9691527497194165,0.028998765432098766,0.028216666666666668,0.9981515151515152,0.9990909090909091,0.9984848484848485,0.9981818181818182,0.9986868686868687,0.9984848484848485,0.9982828282828283,0.9982828282828283,0.9978787878787879,0.9970707070707071,0.9970707070707071,0.00040404040404040404,0.6834,0.9691527497194165,0.028998765432098766,0.028216666666666668,0.9981515151515152,0.9990909090909091,0.9984848484848485,0.9981818181818182,0.9986868686868687,0.9984848484848485,0.9982828282828283,0.9982828282828283,0.9978787878787879,0.9970707070707071,0.9970707070707071,0.00040404040404040404,0.9970707070707071,0.9990909090909091,0.0006194645699580629
cifar100_vgg11_full_dyn_pr0.05_kc10_seed1,cifar100,vgg11,full,dynamic,0.05,10,1,./results/cifar100_vgg11_full_dyn_pr0.05_kc10_seed1/summary.json,0.6804,0.9649888888888889,0.03378888888888889,0.03203888888888889,0.9987777777777778,0.9987878787878788,0.998989898989899,0.9987878787878788,0.9986868686868687,0.9986868686868687,0.998989898989899,0.9986868686868687,0.9986868686868687,0.9988888888888889,0.9985858585858586,0.00020202020202020202,0.6799,0.9664558922558923,0.03217037037037037,0.030494444444444446,0.9986262626262628,0.9984848484848485,0.9988888888888889,0.9983838383838384,0.9986868686868687,0.9986868686868687,0.9990909090909091,0.9984848484848485,0.9982828282828283,0.9987878787878788,0.9984848484848485,0.00020202020202020202,0.9985858585858586,0.998989898989899,0.0001313131313131215
cifar100_vgg11_full_dyn_pr0.05_kc10_seed2,cifar100,vgg11,full,dynamic,0.05,10,2,./results/cifar100_vgg11_full_dyn_pr0.05_kc10_seed2/summary.json,0.6802,0.9622640852974186,0.03534197530864198,0.032994444444444444,0.9976060606060606,0.9966666666666667,0.9985858585858586,0.9977777777777778,0.9975757575757576,0.997979797979798,0.9974747474747475,0.997979797979798,0.9978787878787879,0.9970707070707071,0.9970707070707071,0.00030303030303030303,0.6797,0.9626325476992144,0.0348320987654321,0.03303333333333333,0.9974646464646465,0.9967676767676767,0.9981818181818182,0.9985858585858586,0.996969696969697,0.9975757575757576,0.9970707070707071,0.9983838383838384,0.9976767676767677,0.9965656565656565,0.9968686868686869,0.00040404040404040404,0.9966666666666667,0.9985858585858586,0.0005307597840573435
cifar100_vgg11_full_dyn_pr0.05_kc6_seed0,cifar100,vgg11,full,dynamic,0.05,6,0,./results/cifar100_vgg11_full_dyn_pr0.05_kc6_seed0/summary.json,0.681,0.9800778171788811,0.01845390070921986,0.018625886524822693,0.9987037037037038,0.9992929292929293,,0.9991919191919192,0.9986868686868687,0.9982828282828283,0.9981818181818182,0.9985858585858586,,,,0.00030303030303030303,0.6766,0.9802424958807939,0.018670212765957445,0.018865248226950355,0.9991077441077443,0.9992929292929293,,0.9994949494949495,0.998989898989899,0.9988888888888889,0.998989898989899,0.998989898989899,,,,0.0,0.9981818181818182,0.9992929292929293,0.0004181731430429091
cifar100_vgg11_full_dyn_pr0.05_kc6_seed1,cifar100,vgg11,full,dynamic,0.05,6,1,./results/cifar100_vgg11_full_dyn_pr0.05_kc6_seed1/summary.json,0.6816,0.9806920266494734,0.018070921985815603,0.01829787234042553,0.998989898989899,0.9995959595959596,,0.998989898989899,0.9987878787878788,0.9987878787878788,0.9990909090909091,0.9986868686868687,,,,0.00020202020202020202,0.6785,0.9810723368436135,0.0174822695035461,0.017934397163120567,0.9990067340067341,0.9995959595959596,,0.9990909090909091,0.9988888888888889,0.9987878787878788,0.9990909090909091,0.9985858585858586,,,,0.00020202020202020202,0.9986868686868687,0.9995959595959596,0.0003030303030302988
cifar100_vgg11_full_dyn_pr0.05_kc6_seed2,cifar100,vgg11,full,dynamic,0.05,6,2,./results/cifar100_vgg11_full_dyn_pr0.05_kc6_seed2/summary.json,0.6889,0.9763685794111326,0.022368794326241136,0.02127659574468085,0.9987373737373738,0.9991919191919192,,0.9995959595959596,0.9976767676767677,0.9985858585858586,0.9983838383838384,0.998989898989899,,,,0.0,0.6889,0.9763685794111326,0.022368794326241136,0.02127659574468085,0.9987373737373738,0.9991919191919192,,0.9995959595959596,0.9976767676767677,0.9985858585858586,0.9983838383838384,0.998989898989899,,,,0.0,0.9976767676767677,0.9995959595959596,0.0006164927078653265
cifar100_vgg11_full_dyn_pr0.05_kc8_seed0,cifar100,vgg11,full,dynamic,0.05,8,0,./results/cifar100_vgg11_full_dyn_pr0.05_kc8_seed0/summary.json,0.6829,0.9721068017127799,0.02645380434782609,0.026338315217391304,0.9985606060606059,0.9988888888888889,,0.9994949494949495,0.997979797979798,0.9984848484848485,0.998989898989899,0.9986868686868687,0.9977777777777778,0.9981818181818182,,0.00040404040404040404,0.6816,0.9732718489240229,0.024421583850931676,0.024619565217391306,0.9978914141414141,0.9986868686868687,,0.9991919191919192,0.9968686868686869,0.996969696969697,0.9987878787878788,0.9975757575757576,0.9971717171717172,0.9978787878787879,,0.00040404040404040404,0.9977777777777778,0.9994949494949495,0.0005338983462592622
cifar100_vgg11_full_dyn_pr0.05_kc8_seed1,cifar100,vgg11,full,dynamic,0.05,8,1,./results/cifar100_vgg11_full_dyn_pr0.05_kc8_seed1/summary.json,0.6773,0.9718013598720121,0.025850155279503104,0.025516304347826087,0.9976515151515152,0.9984848484848485,,0.9982828282828283,0.9972727272727273,0.9963636363636363,0.9983838383838384,0.9967676767676767,0.9982828282828283,0.9973737373737374,,0.00020202020202020202,0.6336,0.9730282444005269,0.023705357142857143,0.02485054347826087,0.9978787878787878,0.9997979797979798,,0.9991919191919192,0.9995959595959596,0.9983838383838384,0.9988888888888889,0.9928282828282828,0.9961616161616161,0.9981818181818182,,0.000505050505050505,0.9963636363636363,0.9984848484848485,0.0007655306258194204
cifar100_vgg11_full_dyn_pr0.05_kc8_seed2,cifar100,vgg11,full,dynamic,0.05,8,2,./results/cifar100_vgg11_full_dyn_pr0.05_kc8_seed2/summary.json,0.6815,0.967108291768618,0.030871506211180125,0.029239130434782608,0.9979797979797982,0.998989898989899,,0.9987878787878788,0.9962626262626263,0.9970707070707071,0.9976767676767677,0.9984848484848485,0.9980808080808081,0.9984848484848485,,0.00030303030303030303,0.6767,0.9681633101198317,0.029930124223602486,0.028817934782608697,0.9980934343434342,0.998989898989899,,0.9988888888888889,0.9966666666666667,0.9971717171717172,0.9988888888888889,0.997979797979798,0.9976767676767677,0.9984848484848485,,0.00020202020202020202,0.9962626262626263,0.998989898989899,0.0008703882797784803
cifar10_resnet18_full_dyn_pr0.05_kc10_seed0,cifar10,resnet18,full,dynamic,0.05,10,0,./results/cifar10_resnet18_full_dyn_pr0.05_kc10_seed0/summary.json,0.9412,0.9991666666666666,0.0,0.0,0.9997222222222222,0.9997777777777778,0.9996666666666667,0.9998888888888889,0.9997777777777778,0.9998888888888889,0.9994444444444445,0.9995555555555555,0.9995555555555555,0.9998888888888889,0.9997777777777778,0.0005555555555555556,0.9412,0.9991666666666666,0.0,0.0,0.9997222222222222,0.9997777777777778,0.9996666666666667,0.9998888888888889,0.9997777777777778,0.9998888888888889,0.9994444444444445,0.9995555555555555,0.9995555555555555,0.9998888888888889,0.9997777777777778,0.0005555555555555556,0.9994444444444445,0.9998888888888889,0.00015112745009707512
cifar10_resnet18_full_dyn_pr0.05_kc10_seed1,cifar10,resnet18,full,dynamic,0.05,10,1,./results/cifar10_resnet18_full_dyn_pr0.05_kc10_seed1/summary.json,0.9388,0.998888888888889,0.0,0.0,0.9996666666666668,0.9996666666666667,0.9995555555555555,0.9998888888888889,0.9998888888888889,0.9998888888888889,0.9994444444444445,0.9992222222222222,0.9996666666666667,0.9997777777777778,0.9996666666666667,0.0007777777777777777,0.9388,0.998888888888889,0.0,0.0,0.9996666666666668,0.9996666666666667,0.9995555555555555,0.9998888888888889,0.9998888888888889,0.9998888888888889,0.9994444444444445,0.9992222222222222,0.9996666666666667,0.9997777777777778,0.9996666666666667,0.0007777777777777777,0.9992222222222222,0.9998888888888889,0.00020487876571763128
cifar10_resnet18_full_dyn_pr0.05_kc10_seed2,cifar10,resnet18,full,dynamic,0.05,10,2,./results/cifar10_resnet18_full_dyn_pr0.05_kc10_seed2/summary.json,0.9432,0.9989555555555556,0.0,0.0,0.9997333333333334,0.9995555555555555,0.9998888888888889,0.9998888888888889,0.9996666666666667,0.9998888888888889,0.9998888888888889,0.9998888888888889,0.9992222222222222,0.9997777777777778,0.9996666666666667,0.0007777777777777777,0.9432,0.9989555555555556,0.0,0.0,0.9997333333333334,0.9995555555555555,0.9998888888888889,0.9998888888888889,0.9996666666666667,0.9998888888888889,0.9998888888888889,0.9998888888888889,0.9992222222222222,0.9997777777777778,0.9996666666666667,0.0007777777777777777,0.9992222222222222,0.9998888888888889,0.00020608041101103085
cifar10_resnet18_full_dyn_pr0.05_kc6_seed0,cifar10,resnet18,full,dynamic,0.05,6,0,./results/cifar10_resnet18_full_dyn_pr0.05_kc6_seed0/summary.json,0.9447,0.9645351851851851,0.03531666666666667,0.034604166666666665,0.9998518518518518,0.9998888888888889,,0.9998888888888889,0.9998888888888889,1.0,0.9998888888888889,0.9995555555555555,,,,0.0003333333333333333,0.9447,0.9645351851851851,0.03531666666666667,0.034604166666666665,0.9998518518518518,0.9998888888888889,,0.9998888888888889,0.9998888888888889,1.0,0.9998888888888889,0.9995555555555555,,,,0.0003333333333333333,0.9995555555555555,1.0,0.0001385799032138674
cifar10_resnet18_full_dyn_pr0.05_kc6_seed1,cifar10,resnet18,full,dynamic,0.05,6,1,./results/cifar10_resnet18_full_dyn_pr0.05_kc6_seed1/summary.json,0.9431,0.9663287037037037,0.033541666666666664,0.032,0.9998703703703704,0.9998888888888889,,1.0,1.0,1.0,0.9996666666666667,0.9996666666666667,,,,0.00022222222222222223,0.9431,0.9663287037037037,0.033541666666666664,0.032,0.9998703703703704,0.9998888888888889,,1.0,1.0,1.0,0.9996666666666667,0.9996666666666667,,,,0.00022222222222222223,0.9996666666666667,1.0,0.00014930106941292044
cifar10_resnet18_full_dyn_pr0.05_kc6_seed2,cifar10,resnet18,full,dynamic,0.05,6,2,./results/cifar10_resnet18_full_dyn_pr0.05_kc6_seed2/summary.json,0.9397,0.9650995370370371,0.034416666666666665,0.034770833333333334,0.9998703703703704,0.9998888888888889,,0.9998888888888889,1.0,0.9998888888888889,0.9998888888888889,0.9996666666666667,,,,0.00022222222222222223,0.9367,0.9669143518518518,0.032466666666666665,0.0329375,0.9998518518518518,0.9998888888888889,,0.9998888888888889,0.9998888888888889,0.9998888888888889,0.9998888888888889,0.9996666666666667,,,,0.00022222222222222223,0.9996666666666667,1.0,9.972527420618811e-05
cifar10_resnet18_full_dyn_pr0.05_kc8_seed0,cifar10,resnet18,full,dynamic,0.05,8,0,./results/cifar10_resnet18_full_dyn_pr0.05_kc8_seed0/summary.json,0.9404,0.9623611111111111,0.0375,0.03675,0.9998611111111111,0.9998888888888889,,1.0,0.9998888888888889,0.9997777777777778,0.9998888888888889,0.9995555555555555,1.0,0.9998888888888889,,0.00044444444444444447,0.9404,0.9623611111111111,0.0375,0.03675,0.9998611111111111,0.9998888888888889,,1.0,0.9998888888888889,0.9997777777777778,0.9998888888888889,0.9995555555555555,1.0,0.9998888888888889,,0.00044444444444444447,0.9995555555555555,1.0,0.0001332175423142555
cifar10_resnet18_full_dyn_pr0.05_kc8_seed1,cifar10,resnet18,full,dynamic,0.05,8,1,./results/cifar10_resnet18_full_dyn_pr0.05_kc8_seed1/summary.json,0.941,0.9653482142857143,0.03452678571428571,0.0321875,0.999875,1.0,,0.9998888888888889,1.0,0.9997777777777778,0.9997777777777778,0.9995555555555555,1.0,1.0,,0.00044444444444444447,0.9103,0.9761240079365079,0.023723214285714285,0.02315625,0.9998472222222222,1.0,,1.0,1.0,0.9997777777777778,0.9996666666666667,1.0,0.9994444444444445,0.9998888888888889,,0.00044444444444444447,0.9995555555555555,1.0,0.00015150989048106077
cifar10_resnet18_full_dyn_pr0.05_kc8_seed2,cifar10,resnet18,full,dynamic,0.05,8,2,./results/cifar10_resnet18_full_dyn_pr0.05_kc8_seed2/summary.json,0.9405,0.9658878968253968,0.03397321428571429,0.0333125,0.9998611111111111,1.0,,1.0,1.0,1.0,1.0,0.9996666666666667,0.9997777777777778,0.9994444444444445,,0.00044444444444444447,0.9362,0.9677202380952381,0.03219642857142857,0.03134375,0.9999166666666667,1.0,,1.0,1.0,0.9997777777777778,1.0,1.0,0.9996666666666667,0.9998888888888889,,0.0003333333333333333,0.9994444444444445,1.0,0.00019837301190395786
cifar10_vgg11_full_dyn_pr0.05_kc10_seed0,cifar10,vgg11,full,dynamic,0.05,10,0,./results/cifar10_vgg11_full_dyn_pr0.05_kc10_seed0/summary.json,0.9048,0.9970888888888889,0.0,0.0,0.9988666666666667,0.999,0.999,0.9994444444444445,0.9987777777777778,0.9994444444444445,0.9985555555555555,0.999,0.9982222222222222,0.9986666666666667,0.9985555555555555,0.0017777777777777779,0.9048,0.9970888888888889,0.0,0.0,0.9988666666666667,0.999,0.999,0.9994444444444445,0.9987777777777778,0.9994444444444445,0.9985555555555555,0.999,0.9982222222222222,0.9986666666666667,0.9985555555555555,0.0017777777777777779,0.9982222222222222,0.9994444444444445,0.0003711842908553431
cifar10_vgg11_full_dyn_pr0.05_kc10_seed1,cifar10,vgg11,full,dynamic,0.05,10,1,./results/cifar10_vgg11_full_dyn_pr0.05_kc10_seed1/summary.json,0.9012,0.9965888888888891,0.0,0.0,0.9988111111111113,0.9987777777777778,0.9987777777777778,0.9994444444444445,0.9995555555555555,0.9977777777777778,0.999,0.9992222222222222,0.9984444444444445,0.9984444444444445,0.9986666666666667,0.0022222222222222222,0.9012,0.9965888888888891,0.0,0.0,0.9988111111111113,0.9987777777777778,0.9987777777777778,0.9994444444444445,0.9995555555555555,0.9977777777777778,0.999,0.9992222222222222,0.9984444444444445,0.9984444444444445,0.9986666666666667,0.0022222222222222222,0.9977777777777778,0.9995555555555555,0.000501971422136733
cifar10_vgg11_full_dyn_pr0.05_kc10_seed2,cifar10,vgg11,full,dynamic,0.05,10,2,./results/cifar10_vgg11_full_dyn_pr0.05_kc10_seed2/summary.json,0.9055,0.9970555555555554,0.0,0.0,0.9989444444444443,0.9995555555555555,0.9981111111111111,0.9985555555555555,0.9988888888888889,0.9986666666666667,0.9996666666666667,0.9988888888888889,0.9986666666666667,0.9991111111111111,0.9993333333333333,0.001888888888888889,0.9013,0.9971555555555556,0.0,0.0,0.9991555555555556,0.9995555555555555,0.998,0.9986666666666667,0.9993333333333333,0.9993333333333333,0.9996666666666667,0.999,0.9993333333333333,0.9994444444444445,0.9992222222222222,0.002,0.9981111111111111,0.9996666666666667,0.0004560972389283099
cifar10_vgg11_full_dyn_pr0.05_kc6_seed0,cifar10,vgg11,full,dynamic,0.05,6,0,./results/cifar10_vgg11_full_dyn_pr0.05_kc6_seed0/summary.json,0.9102,0.9417398148148147,0.05724166666666667,0.0538125,0.9989814814814814,1.0,,0.9997777777777778,0.9994444444444445,0.9978888888888889,0.999,0.9977777777777778,,,,0.0014444444444444444,0.9102,0.9417398148148147,0.05724166666666667,0.0538125,0.9989814814814814,1.0,,0.9997777777777778,0.9994444444444445,0.9978888888888889,0.999,0.9977777777777778,,,,0.0014444444444444444,0.9977777777777778,1.0,0.0008687928967214677
cifar10_vgg11_full_dyn_pr0.05_kc6_seed1,cifar10,vgg11,full,dynamic,0.05,6,1,./results/cifar10_vgg11_full_dyn_pr0.05_kc6_seed1/summary.json,0.9088,0.9402888888888888,0.05843333333333333,0.0540625,0.9987222222222222,0.9986666666666667,,0.9997777777777778,0.9991111111111111,0.9991111111111111,0.9973333333333333,0.9983333333333333,,,,0.0022222222222222222,0.9088,0.9402888888888888,0.05843333333333333,0.0540625,0.9987222222222222,0.9986666666666667,,0.9997777777777778,0.9991111111111111,0.9991111111111111,0.9973333333333333,0.9983333333333333,,,,0.0022222222222222222,0.9973333333333333,0.9997777777777778,0.0007637626158259767
cifar10_vgg11_full_dyn_pr0.05_kc6_seed2,cifar10,vgg11,full,dynamic,0.05,6,2,./results/cifar10_vgg11_full_dyn_pr0.05_kc6_seed2/summary.json,0.9112,0.9391398148148148,0.060175,0.05566666666666667,0.9993148148148148,0.9994444444444445,,0.9994444444444445,0.9994444444444445,0.9992222222222222,0.9994444444444445,0.9988888888888889,,,,0.0007777777777777777,0.9112,0.9391398148148148,0.060175,0.05566666666666667,0.9993148148148148,0.9994444444444445,,0.9994444444444445,0.9994444444444445,0.9992222222222222,0.9994444444444445,0.9988888888888889,,,,0.0007777777777777777,0.9988888888888889,0.9994444444444445,0.0002070433312499732
cifar10_vgg11_full_dyn_pr0.05_kc8_seed0,cifar10,vgg11,full,dynamic,0.05,8,0,./results/cifar10_vgg11_full_dyn_pr0.05_kc8_seed0/summary.json,0.9062,0.9427251984126983,0.05658035714285714,0.0516875,0.9993055555555554,0.9998888888888889,,0.9996666666666667,0.9992222222222222,0.999,0.9993333333333333,0.9984444444444445,0.9996666666666667,0.9992222222222222,,0.0014444444444444444,0.9017,0.9457410714285713,0.05338392857142857,0.04925,0.9991249999999999,0.9998888888888889,,0.9994444444444445,0.9988888888888889,0.9983333333333333,0.9984444444444445,0.9992222222222222,0.9995555555555555,0.9992222222222222,,0.0016666666666666668,0.9984444444444445,0.9998888888888889,0.00042582526990989544
cifar10_vgg11_full_dyn_pr0.05_kc8_seed1,cifar10,vgg11,full,dynamic,0.05,8,1,./results/cifar10_vgg11_full_dyn_pr0.05_kc8_seed1/summary.json,0.9051,0.9438293650793651,0.055142857142857146,0.04984375,0.9989722222222223,0.9992222222222222,,0.9994444444444445,0.9992222222222222,0.999,0.9988888888888889,0.9988888888888889,0.9981111111111111,0.999,,0.0015555555555555555,0.9051,0.9438293650793651,0.055142857142857146,0.04984375,0.9989722222222223,0.9992222222222222,,0.9994444444444445,0.9992222222222222,0.999,0.9988888888888889,0.9988888888888889,0.9981111111111111,0.999,,0.0015555555555555555,0.9981111111111111,0.9994444444444445,0.00037164133778500816
cifar10_vgg11_full_dyn_pr0.05_kc8_seed2,cifar10,vgg11,full,dynamic,0.05,8,2,./results/cifar10_vgg11_full_dyn_pr0.05_kc8_seed2/summary.json,0.9046,0.9395476190476192,0.05828571428571429,0.05259375,0.9978333333333335,0.9978888888888889,,0.9987777777777778,0.9972222222222222,0.9977777777777778,0.9991111111111111,0.9984444444444445,0.9984444444444445,0.995,,0.003777777777777778,0.9046,0.9395476190476192,0.05828571428571429,0.05259375,0.9978333333333335,0.9978888888888889,,0.9987777777777778,0.9972222222222222,0.9977777777777778,0.9991111111111111,0.9984444444444445,0.9984444444444445,0.995,,0.003777777777777778,0.995,0.9991111111111111,0.001208253509496193
gtsrb_resnet18_full_dyn_pr0.05_kc10_seed0,gtsrb,resnet18,full,dynamic,0.05,10,0,./results/gtsrb_resnet18_full_dyn_pr0.05_kc10_seed0/summary.json,0.9866983372921615,0.9990875549879381,0.0009124450120618703,0.0006577266922094509,1.0,1.0,1.0,1.0,1.0,1.0,1.0,1.0,1.0,1.0,1.0,0.0,0.9866983372921615,0.9990875549879381,0.0009124450120618703,0.0006577266922094509,1.0,1.0,1.0,1.0,1.0,1.0,1.0,1.0,1.0,1.0,1.0,0.0,1.0,1.0,0.0
gtsrb_resnet18_full_dyn_pr0.05_kc10_seed1,gtsrb,resnet18,full,dynamic,0.05,10,1,./results/gtsrb_resnet18_full_dyn_pr0.05_kc10_seed1/summary.json,0.9884402216943785,0.9982630906768838,0.0017369093231162196,0.0014687100893997446,1.0,1.0,1.0,1.0,1.0,1.0,1.0,1.0,1.0,1.0,1.0,0.0,0.9886777513855899,0.9984589186888038,0.0015410813111962538,0.0012962962962962963,1.0,1.0,1.0,1.0,1.0,1.0,1.0,1.0,1.0,1.0,1.0,0.0,1.0,1.0,0.0
gtsrb_resnet18_full_dyn_pr0.05_kc10_seed2,gtsrb,resnet18,full,dynamic,0.05,10,2,./results/gtsrb_resnet18_full_dyn_pr0.05_kc10_seed2/summary.json,0.9865399841646872,0.9984064140769121,0.0015935859230878388,0.0015644955300127715,1.0,1.0,1.0,1.0,1.0,1.0,1.0,1.0,1.0,1.0,1.0,0.0,0.9865399841646872,0.9984064140769121,0.0015935859230878388,0.0015644955300127715,1.0,1.0,1.0,1.0,1.0,1.0,1.0,1.0,1.0,1.0,1.0,0.0,1.0,1.0,0.0
gtsrb_resnet18_full_dyn_pr0.05_kc6_seed0,gtsrb,resnet18,full,dynamic,0.05,6,0,./results/gtsrb_resnet18_full_dyn_pr0.05_kc6_seed0/summary.json,0.98701504354711,0.9989494301994302,0.0008974358974358974,0.0010505698005698007,1.0,1.0,,1.0,1.0,1.0,1.0,1.0,,,,0.0,0.9857482185273159,0.9990206552706553,0.0009686609686609687,0.0009793447293447294,1.0,1.0,,1.0,1.0,1.0,1.0,1.0,,,,0.0,1.0,1.0,0.0
gtsrb_resnet18_full_dyn_pr0.05_kc6_seed1,gtsrb,resnet18,full,dynamic,0.05,6,1,./results/gtsrb_resnet18_full_dyn_pr0.05_kc6_seed1/summary.json,0.9864608076009501,0.9987980769230769,0.0011253561253561253,0.001201923076923077,1.0,1.0,,1.0,1.0,1.0,1.0,1.0,,,,0.0,0.9864608076009501,0.9987980769230769,0.0011253561253561253,0.001201923076923077,1.0,1.0,,1.0,1.0,1.0,1.0,1.0,,,,0.0,1.0,1.0,0.0
gtsrb_resnet18_full_dyn_pr0.05_kc6_seed2,gtsrb,resnet18,full,dynamic,0.05,6,2,./results/gtsrb_resnet18_full_dyn_pr0.05_kc6_seed2/summary.json,0.9879651623119556,0.9982905982905983,0.001623931623931624,0.0017094017094017094,1.0,1.0,,1.0,1.0,1.0,1.0,1.0,,,,0.0,0.9878859857482185,0.9984330484330485,0.001542022792022792,0.0015669515669515669,1.0,1.0,,1.0,1.0,1.0,1.0,1.0,,,,0.0,1.0,1.0,0.0
gtsrb_resnet18_full_dyn_pr0.05_kc8_seed0,gtsrb,resnet18,full,dynamic,0.05,8,0,./results/gtsrb_resnet18_full_dyn_pr0.05_kc8_seed0/summary.json,0.9885193982581156,0.9991937785388127,0.0007216242661448141,0.0008062214611872146,1.0,1.0,,1.0,1.0,1.0,1.0,1.0,1.0,1.0,,0.0,0.9885193982581156,0.9991937785388127,0.0007216242661448141,0.0008062214611872146,1.0,1.0,,1.0,1.0,1.0,1.0,1.0,1.0,1.0,,0.0,1.0,1.0,0.0
gtsrb_resnet18_full_dyn_pr0.05_kc8_seed1,gtsrb,resnet18,full,dynamic,0.05,8,1,./results/gtsrb_resnet18_full_dyn_pr0.05_kc8_seed1/summary.json,0.9817893903404592,0.9983549412915851,0.0016450587084148728,0.0015625,1.0,1.0,,1.0,1.0,1.0,1.0,1.0,1.0,1.0,,0.0,0.9817893903404592,0.9983549412915851,0.0016450587084148728,0.0015625,1.0,1.0,,1.0,1.0,1.0,1.0,1.0,1.0,1.0,,0.0,1.0,1.0,0.0
gtsrb_resnet18_full_dyn_pr0.05_kc8_seed2,gtsrb,resnet18,full,dynamic,0.05,8,2,./results/gtsrb_resnet18_full_dyn_pr0.05_kc8_seed2/summary.json,0.9874109263657957,0.9994312622309197,0.0005687377690802349,0.0004994292237442922,1.0,1.0,,1.0,1.0,1.0,1.0,1.0,1.0,1.0,,0.0,0.9869358669833729,0.9995331865622962,0.00046681343770384865,0.0003781392694063927,1.0,1.0,,1.0,1.0,1.0,1.0,1.0,1.0,1.0,,0.0,1.0,1.0,0.0
gtsrb_vgg11_full_dyn_pr0.05_kc10_seed0,gtsrb,vgg11,full,dynamic,0.05,10,0,./results/gtsrb_vgg11_full_dyn_pr0.05_kc10_seed0/summary.json,0.9717339667458432,0.9953212167727973,0.00430821626223925,0.0036079182630906767,0.9996294330350365,1.0,0.9977777777777778,1.0,0.9998316498316498,1.0,1.0,0.9995,0.9997596153846153,0.9997536945812808,0.999671592775041,0.0,0.9717339667458432,0.9953212167727973,0.00430821626223925,0.0036079182630906767,0.9996294330350365,1.0,0.9977777777777778,1.0,0.9998316498316498,1.0,1.0,0.9995,0.9997596153846153,0.9997536945812808,0.999671592775041,0.0,0.9977777777777778,1.0,0.0006379433405019926
gtsrb_vgg11_full_dyn_pr0.05_kc10_seed1,gtsrb,vgg11,full,dynamic,0.05,10,1,./results/gtsrb_vgg11_full_dyn_pr0.05_kc10_seed1/summary.json,0.9743467933491686,0.9961480096706615,0.0033829998580956434,0.002962962962962963,0.9995310095287572,0.999920445505171,0.9993415637860082,0.9999160369437448,0.9999158249158249,1.0,0.9999164578111946,0.9990833333333333,0.9996794871794872,0.9980295566502463,0.9995073891625615,0.0,0.9735550277117974,0.9962788627805552,0.0031942670639988646,0.002879948914431673,0.999473129844554,1.0,0.9993415637860082,0.9998320738874895,0.9999158249158249,1.0,0.9997493734335839,0.9991666666666666,0.9995993589743589,0.9977011494252873,0.9994252873563219,0.0,0.9980295566502463,1.0,0.0005770424385555242
gtsrb_vgg11_full_dyn_pr0.05_kc10_seed2,gtsrb,vgg11,full,dynamic,0.05,10,2,./results/gtsrb_vgg11_full_dyn_pr0.05_kc10_seed2/summary.json,0.9789390340459224,0.996631486143699,0.0028678870441322547,0.0024074074074074076,0.9994993731878312,1.0,0.9986831275720165,1.0,0.9995791245791246,0.9990968801313629,1.0,0.9995833333333334,0.9991185897435897,0.9995073891625615,0.9994252873563219,0.0004166666666666667,0.9792557403008709,0.996663759248769,0.0028437633035334185,0.002305236270753512,0.9995075225523025,1.0,0.9984362139917695,1.0,0.9995791245791246,0.9992610837438424,1.0,0.9995833333333334,0.9991185897435897,0.9997536945812808,0.9993431855500821,0.0004166666666666667,0.9986831275720165,1.0,0.00041762396592682864
gtsrb_vgg11_full_dyn_pr0.05_kc6_seed0,gtsrb,vgg11,full,dynamic,0.05,6,0,./results/gtsrb_vgg11_full_dyn_pr0.05_kc6_seed0/summary.json,0.9721298495645289,0.9917429937671166,0.007343304843304844,0.008173076923076924,0.9999160706901935,1.0,,1.0,0.9996632996632997,1.0,0.9999164578111946,0.9999166666666667,,,,8.35421888053467e-05,0.9721298495645289,0.9917429937671166,0.007343304843304844,0.008173076923076924,0.9999160706901935,1.0,,1.0,0.9996632996632997,1.0,0.9999164578111946,0.9999166666666667,,,,8.35421888053467e-05,0.9996632996632997,1.0,0.00011904206834935817
gtsrb_vgg11_full_dyn_pr0.05_kc6_seed1,gtsrb,vgg11,full,dynamic,0.05,6,1,./results/gtsrb_vgg11_full_dyn_pr0.05_kc6_seed1/summary.json,0.9744259699129058,0.9928995803663077,0.0060185185185185185,0.006739672364672365,0.99963925273098,1.0,,1.0,0.9999158249158249,0.9995894909688013,0.9987468671679198,0.9995833333333334,,,,0.0,0.9744259699129058,0.9928995803663077,0.0060185185185185185,0.006739672364672365,0.99963925273098,1.0,,1.0,0.9999158249158249,0.9995894909688013,0.9987468671679198,0.9995833333333334,,,,0.0,0.9987468671679198,1.0,0.0004356459883145084
gtsrb_vgg11_full_dyn_pr0.05_kc6_seed2,gtsrb,vgg11,full,dynamic,0.05,6,2,./results/gtsrb_vgg11_full_dyn_pr0.05_kc6_seed2/summary.json,0.9753760886777514,0.9922775689223058,0.007610398860398861,0.007638888888888889,0.9999164578111946,1.0,,1.0,1.0,1.0,0.9994987468671679,1.0,,,,0.0001670843776106934,0.9753760886777514,0.9922775689223058,0.007610398860398861,0.007638888888888889,0.9999164578111946,1.0,,1.0,1.0,1.0,0.9994987468671679,1.0,,,,0.0001670843776106934,0.9994987468671679,1.0,0.00018680601315788957
gtsrb_vgg11_full_dyn_pr0.05_kc8_seed0,gtsrb,vgg11,full,dynamic,0.05,8,0,./results/gtsrb_vgg11_full_dyn_pr0.05_kc8_seed0/summary.json,0.9707046714172605,0.9956002559151442,0.004284898891063275,0.00377425799086758,0.9998851548062075,1.0,,1.0,0.9999158249158249,1.0,0.9994987468671679,0.9996666666666667,1.0,1.0,,0.0003333333333333333,0.9707046714172605,0.9956002559151442,0.004284898891063275,0.00377425799086758,0.9998851548062075,1.0,,1.0,0.9999158249158249,1.0,0.9994987468671679,0.9996666666666667,1.0,1.0,,0.0003333333333333333,0.9994987468671679,1.0,0.00018163696993693426
gtsrb_vgg11_full_dyn_pr0.05_kc8_seed1,gtsrb,vgg11,full,dynamic,0.05,8,1,./results/gtsrb_vgg11_full_dyn_pr0.05_kc8_seed1/summary.json,0.9711005542359462,0.996266275247732,0.003567351598173516,0.003174942922374429,0.9998336268459056,1.0,,1.0,1.0,1.0,0.9991645781119465,0.9996666666666667,0.9999198717948717,0.9999178981937603,,0.0004177109440267335,0.971575613618369,0.9964906051763366,0.003353310502283105,0.0030251141552511416,0.9998439156786197,1.0,,1.0,1.0,1.0,0.9992481203007518,0.9995833333333334,0.9999198717948717,1.0,,0.0002506265664160401,0.9991645781119465,1.0,0.0002740350950992607
gtsrb_vgg11_full_dyn_pr0.05_kc8_seed2,gtsrb,vgg11,full,dynamic,0.05,8,2,./results/gtsrb_vgg11_full_dyn_pr0.05_kc8_seed2/summary.json,0.9750593824228029,0.9965129666339124,0.0031698467058056097,0.0032605593607305935,0.999773525994643,0.999920445505171,,1.0,0.9999158249158249,1.0,0.9997493734335839,0.9990833333333333,0.9995192307692308,1.0,,0.00016666666666666666,0.9750593824228029,0.9965129666339124,0.0031698467058056097,0.0032605593607305935,0.999773525994643,0.999920445505171,,1.0,0.9999158249158249,1.0,0.9997493734335839,0.9990833333333333,0.9995192307692308,1.0,,0.00016666666666666666,0.9990833333333333,1.0,0.0003035871103261678
