baseline,dataset,model,kc,poison_rate,seed,baseline_clean_acc_pct,adaptive_clean_acc_pct,clean_acc_adaptive_improvement_pp,baseline_valid_asr_pct,adaptive_valid_asr_pct,valid_asr_adaptive_improvement_pp,baseline_wrong_asr_pct,adaptive_wrong_asr_pct,wrong_asr_adaptive_improvement_pp,baseline_single_leak_pct,adaptive_single_leak_pct,single_leak_adaptive_improvement_pp,baseline_invalid_leak_pct,adaptive_invalid_leak_pct,invalid_leak_adaptive_improvement_pp,baseline_csg_pct,adaptive_csg_pct,csg_adaptive_improvement_pp
full,cifar10,resnet18,4,0.01,0,93.78,93.85,0.07000000000000339,99.78055555555555,99.82777777777778,0.047222222222231824,0.15555555555555556,0.13333333333333333,0.02222222222222222,2.1187500000000004,1.39,0.7287500000000002,2.2075,2.2191666666666663,-0.011666666666666423,97.57305555555556,97.60861111111112,0.03555555555556644
full,cifar10,resnet18,4,0.01,1,93.83,94.07,0.23999999999999577,99.93333333333334,99.95,0.01666666666666483,0.06666666666666667,0.07777777777777778,-0.01111111111111111,1.90875,2.40625,-0.49750000000000005,2.39,2.5108333333333333,-0.12083333333333321,97.54333333333334,97.43916666666668,-0.10416666666666075
full,cifar10,resnet18,4,0.01,2,93.82000000000001,94.31,0.49000000000000155,99.85833333333333,99.82222222222222,-0.036111111111114536,0.12222222222222222,0.12222222222222222,0.0,1.805,1.585,0.22000000000000006,2.1533333333333333,2.1566666666666667,-0.003333333333333313,97.70500000000001,97.66555555555556,-0.0394444444444475
naive_dual,cifar10,resnet18,4,0.01,0,94.39999999999999,93.85,-0.5499999999999949,99.97222222222223,99.82777777777778,-0.14444444444444704,0.044444444444444446,0.13333333333333333,-0.08888888888888888,46.94625,1.39,45.55625,89.935,2.2191666666666663,87.71583333333332,10.03722222222223,97.60861111111112,87.57138888888889
naive_dual,cifar10,resnet18,4,0.01,1,94.27,94.07,-0.20000000000000018,99.9638888888889,99.95,-0.01388888888889106,0.044444444444444446,0.07777777777777778,-0.033333333333333326,55.0075,2.40625,52.60125,88.87916666666666,2.5108333333333333,86.36833333333334,11.084722222222233,97.43916666666668,86.35444444444444
naive_dual,cifar10,resnet18,4,0.01,2,93.89999999999999,94.31,0.41000000000001036,99.85277777777777,99.82222222222222,-0.03055555555554479,0.15555555555555556,0.12222222222222222,0.033333333333333326,47.760000000000005,1.585,46.175000000000004,89.33250000000001,2.1566666666666667,87.17583333333334,10.520277777777764,97.66555555555556,87.14527777777779
single,cifar10,resnet18,4,0.01,0,93.85,93.85,0.0,100.0,99.82777777777778,-0.17222222222221806,0.0,0.13333333333333333,-0.13333333333333333,89.87625,1.39,88.48625,88.42166666666667,2.2191666666666663,86.2025,10.123749999999998,97.60861111111112,87.48486111111113
single,cifar10,resnet18,4,0.01,1,93.95,94.07,0.11999999999999789,100.0,99.95,-0.04999999999999449,0.0,0.07777777777777778,-0.07777777777777778,89.90875,2.40625,87.50250000000001,87.3075,2.5108333333333333,84.79666666666668,10.091249999999995,97.43916666666668,87.34791666666668
single,cifar10,resnet18,4,0.01,2,93.89,94.31,0.42000000000000925,100.0,99.82222222222222,-0.1777777777777767,0.0,0.12222222222222222,-0.12222222222222222,89.90125,1.585,88.31625,87.49249999999999,2.1566666666666667,85.33583333333333,10.09875,97.66555555555556,87.56680555555556
wo_invalid,cifar10,resnet18,4,0.01,0,94.08,93.85,-0.22999999999999687,99.75277777777778,99.82777777777778,0.07500000000000284,0.2555555555555556,0.13333333333333333,0.12222222222222225,1.7437500000000001,1.39,0.35375000000000023,17.45916666666667,2.2191666666666663,15.24,82.2936111111111,97.60861111111112,15.315000000000012
wo_invalid,cifar10,resnet18,4,0.01,1,93.92,94.07,0.14999999999999458,99.69444444444444,99.95,0.2555555555555644,0.14444444444444443,0.07777777777777778,0.06666666666666667,2.0725000000000002,2.40625,-0.33375,18.975,2.5108333333333333,16.464166666666667,80.71944444444445,97.43916666666668,16.719722222222234
wo_invalid,cifar10,resnet18,4,0.01,2,93.95,94.31,0.36000000000000476,99.79444444444445,99.82222222222222,0.027777777777771018,0.24444444444444444,0.12222222222222222,0.12222222222222222,2.1725000000000003,1.585,0.5875000000000001,23.358333333333334,2.1566666666666667,21.201666666666664,76.43611111111112,97.66555555555556,21.229444444444447
full,cifar10,resnet18,4,0.05,0,94.06,94.27,0.20999999999999908,100.0,99.99444444444445,-0.005555555555547542,0.0,0.0,0.0,1.1375,1.08375,0.05374999999999998,1.6158333333333335,1.7475,-0.13166666666666674,98.38416666666666,98.24694444444445,-0.1372222222222108
full,cifar10,resnet18,4,0.05,1,94.06,94.17999999999999,0.11999999999999789,99.99444444444445,99.99166666666667,-0.0027777777777848733,0.0,0.011111111111111112,-0.011111111111111112,1.2012500000000002,1.10625,0.09500000000000011,1.6808333333333334,1.5125,0.16833333333333353,98.31361111111111,98.47916666666667,0.16555555555555213
full,cifar10,resnet18,4,0.05,2,93.97,94.12,0.15000000000000568,100.0,99.9888888888889,-0.011111111111106187,0.0,0.011111111111111112,-0.011111111111111112,0.9787499999999999,0.84625,0.13249999999999998,1.4825,1.3575,0.12499999999999994,98.5175,98.63138888888889,0.11388888888889115
naive_dual,cifar10,resnet18,4,0.05,0,93.81,94.27,0.45999999999999375,99.99444444444445,99.99444444444445,0.0,0.011111111111111112,0.0,0.011111111111111112,46.46375,1.08375,45.379999999999995,90.05416666666667,1.7475,88.30666666666667,9.940277777777784,98.24694444444445,88.30666666666667
naive_dual,cifar10,resnet18,4,0.05,1,93.92,94.17999999999999,0.25999999999999357,99.98333333333332,99.99166666666667,0.008333333333343518,0.022222222222222223,0.011111111111111112,0.011111111111111112,47.0425,1.10625,45.93625,89.7925,1.5125,88.28,10.190833333333327,98.47916666666667,88.28833333333334
naive_dual,cifar10,resnet18,4,0.05,2,93.88,94.12,0.24000000000000687,100.0,99.9888888888889,-0.011111111111106187,0.0,0.011111111111111112,-0.011111111111111112,47.7825,0.84625,46.93625,89.8675,1.3575,88.51,10.1325,98.63138888888889,88.4988888888889
single,cifar10,resnet18,4,0.05,0,93.78,94.27,0.49000000000000155,100.0,99.99444444444445,-0.005555555555547542,0.0,0.0,0.0,89.98375,1.08375,88.9,94.02000000000001,1.7475,92.27250000000001,5.979999999999997,98.24694444444445,92.26694444444445
single,cifar10,resnet18,4,0.05,1,94.3,94.17999999999999,-0.11999999999999789,100.0,99.99166666666667,-0.008333333333332416,0.0,0.011111111111111112,-0.011111111111111112,90.09625,1.10625,88.99000000000001,92.15166666666667,1.5125,90.63916666666667,7.8483333333333345,98.47916666666667,90.63083333333334
single,cifar10,resnet18,4,0.05,2,94.32000000000001,94.12,-0.20000000000000018,100.0,99.9888888888889,-0.011111111111106187,0.0,0.011111111111111112,-0.011111111111111112,90.03750000000001,0.84625,89.19125,92.57583333333334,1.3575,91.21833333333333,7.424166666666665,98.63138888888889,91.20722222222223
wo_invalid,cifar10,resnet18,4,0.05,0,94.11,94.27,0.15999999999999348,99.98333333333333,99.99444444444445,0.011111111111117289,0.011111111111111112,0.0,0.011111111111111112,1.0999999999999999,1.08375,0.016249999999999945,31.1,1.7475,29.3525,68.88333333333334,98.24694444444445,29.36361111111111
wo_invalid,cifar10,resnet18,4,0.05,1,94.05,94.17999999999999,0.12999999999999678,99.99722222222222,99.99166666666667,-0.0055555555555586444,0.0,0.011111111111111112,-0.011111111111111112,1.17875,1.10625,0.0725,29.276666666666667,1.5125,27.764166666666668,70.72055555555556,98.47916666666667,27.758611111111108
wo_invalid,cifar10,resnet18,4,0.05,2,93.97999999999999,94.12,0.14000000000000679,99.98611111111111,99.9888888888889,0.0027777777777848733,0.022222222222222223,0.011111111111111112,0.011111111111111112,1.2325,0.84625,0.38625,2.145,1.3575,0.7875,97.84111111111112,98.63138888888889,0.7902777777777814
full,cifar10,resnet18,8,0.01,0,94.08,93.67,-0.40999999999999925,99.43749999999999,99.72638888888889,0.2888888888889052,0.9555555555555555,0.6444444444444445,0.31111111111111106,3.633125,3.094375,0.5387500000000003,5.395,4.697500000000001,0.6974999999999996,94.04249999999999,95.0288888888889,0.9863888888889116
full,cifar10,resnet18,8,0.01,1,93.96,94.15,0.19000000000000128,99.60277777777779,99.60138888888889,-0.0013888888888868856,0.7777777777777778,0.5888888888888889,0.18888888888888888,3.2893749999999997,2.88625,0.403125,4.793928571428571,4.356964285714286,0.4369642857142857,94.80884920634921,95.24442460317462,0.435575396825405
full,cifar10,resnet18,8,0.01,2,93.87,93.82000000000001,-0.04999999999999449,99.20694444444445,99.5736111111111,0.3666666666666596,1.0555555555555556,0.6,0.4555555555555556,3.251875,3.0925000000000002,0.1593749999999998,4.752142857142857,4.994464285714286,-0.24232142857142855,94.45480158730159,94.57914682539682,0.1243452380952359
naive_dual,cifar10,resnet18,8,0.01,0,93.86,93.67,-0.19000000000000128,99.91666666666667,99.72638888888889,-0.19027777777776977,0.24444444444444444,0.6444444444444445,-0.4,47.12,3.094375,44.025625000000005,89.7275,4.697500000000001,85.03,10.18916666666666,95.0288888888889,84.83972222222224
naive_dual,cifar10,resnet18,8,0.01,1,93.83,94.15,0.31999999999999806,99.88472222222222,99.60138888888889,-0.28333333333332433,0.16666666666666669,0.5888888888888889,-0.42222222222222217,47.294375,2.88625,44.408125,89.80071428571429,4.356964285714286,85.44375000000001,10.084007936507932,95.24442460317462,85.16041666666668
naive_dual,cifar10,resnet18,8,0.01,2,93.99,93.82000000000001,-0.16999999999999238,99.93750000000001,99.5736111111111,-0.363888888888908,0.16666666666666669,0.6,-0.4333333333333333,47.06,3.0925000000000002,43.9675,89.79125,4.994464285714286,84.79678571428572,10.146250000000013,94.57914682539682,84.43289682539681
single,cifar10,resnet18,8,0.01,0,94.41000000000001,93.67,-0.7400000000000073,100.0,99.72638888888889,-0.27361111111110503,0.0,0.6444444444444445,-0.6444444444444445,89.81937500000001,3.094375,86.725,87.03232142857142,4.697500000000001,82.33482142857143,10.180625,95.0288888888889,84.8482638888889
single,cifar10,resnet18,8,0.01,1,94.24,94.15,-0.09000000000000119,100.0,99.60138888888889,-0.39861111111110237,0.0,0.5888888888888889,-0.5888888888888889,89.82124999999999,2.88625,86.935,86.33160714285715,4.356964285714286,81.97464285714287,10.178750000000003,95.24442460317462,85.06567460317461
single,cifar10,resnet18,8,0.01,2,94.25,93.82000000000001,-0.42999999999999705,100.0,99.5736111111111,-0.4263888888888956,0.0,0.6,-0.6,89.879375,3.0925000000000002,86.786875,86.5480357142857,4.994464285714286,81.55357142857143,10.120625000000006,94.57914682539682,84.45852182539682
wo_invalid,cifar10,resnet18,8,0.01,0,93.67999999999999,93.67,-0.009999999999998899,99.5013888888889,99.72638888888889,0.22499999999999742,0.7444444444444445,0.6444444444444445,0.1,5.1775,3.094375,2.0831250000000003,29.06035714285714,4.697500000000001,24.36285714285714,70.44103174603175,95.0288888888889,24.58785714285714
wo_invalid,cifar10,resnet18,8,0.01,1,93.89999999999999,94.15,0.2500000000000058,99.49722222222222,99.60138888888889,0.10416666666668295,1.0666666666666667,0.5888888888888889,0.47777777777777775,4.945625,2.88625,2.059375,30.76267857142857,4.356964285714286,26.405714285714282,68.73454365079364,95.24442460317462,26.50988095238097
wo_invalid,cifar10,resnet18,8,0.01,2,93.31,93.82000000000001,0.5099999999999993,98.89166666666668,99.5736111111111,0.6819444444444267,2.0,0.6,1.4000000000000001,5.644375,3.0925000000000002,2.551875,24.258214285714285,4.994464285714286,19.26375,74.63345238095239,94.57914682539682,19.945694444444428
full,cifar10,resnet18,8,0.05,0,94.15,93.84,-0.30999999999999917,99.99305555555556,99.9875,-0.0055555555555586444,0.011111111111111112,0.03333333333333333,-0.02222222222222222,1.9124999999999999,2.051875,-0.13937499999999992,2.8898214285714285,3.129642857142857,-0.23982142857142882,97.10323412698413,96.85785714285714,-0.24537698412698816
full,cifar10,resnet18,8,0.05,1,94.06,93.96,-0.10000000000000009,99.98472222222223,99.98888888888891,0.004166666666671759,0.044444444444444446,0.022222222222222223,0.022222222222222223,2.044375,2.033125,0.011250000000000149,3.200535714285714,3.16,0.040535714285713786,96.78418650793652,96.82888888888891,0.04470238095238832
full,cifar10,resnet18,8,0.05,2,93.95,94.03,0.08000000000000229,99.98194444444445,99.9888888888889,0.00694444444444553,0.03333333333333333,0.022222222222222223,0.01111111111111111,2.285625,1.970625,0.315,3.4771428571428573,3.1289285714285713,0.3482142857142857,96.50480158730159,96.85996031746032,0.35515873015873334
naive_dual,cifar10,resnet18,8,0.05,0,93.42,93.84,0.41999999999999815,99.9625,99.9875,0.024999999999997247,0.13333333333333333,0.03333333333333333,0.1,49.391875,2.051875,47.34,86.45642857142857,3.129642857142857,83.3267857142857,13.506071428571431,96.85785714285714,83.35178571428571
naive_dual,cifar10,resnet18,8,0.05,1,93.86,93.96,0.10000000000000009,99.95694444444445,99.98888888888891,0.03194444444445388,0.1111111111111111,0.022222222222222223,0.08888888888888889,46.900625,2.033125,44.8675,89.90892857142858,3.16,86.74892857142858,10.048015873015881,96.82888888888891,86.78087301587303
naive_dual,cifar10,resnet18,8,0.05,2,93.87,94.03,0.16000000000000458,99.98194444444445,99.9888888888889,0.00694444444444553,0.044444444444444446,0.022222222222222223,0.022222222222222223,49.423125,1.970625,47.4525,89.73303571428572,3.1289285714285713,86.60410714285715,10.248908730158735,96.85996031746032,86.61105158730159
single,cifar10,resnet18,8,0.05,0,93.95,93.84,-0.10999999999999899,100.0,99.9875,-0.012500000000004174,0.0,0.03333333333333333,-0.03333333333333333,89.955,2.051875,87.90312499999999,90.0482142857143,3.129642857142857,86.91857142857144,9.95178571428571,96.85785714285714,86.90607142857144
single,cifar10,resnet18,8,0.05,1,94.19,93.96,-0.22999999999999687,100.0,99.98888888888891,-0.011111111111095084,0.0,0.022222222222222223,-0.022222222222222223,89.96125,2.033125,87.928125,90.72196428571428,3.16,87.56196428571428,9.278035714285714,96.82888888888891,87.55085317460319
single,cifar10,resnet18,8,0.05,2,94.34,94.03,-0.30999999999999917,100.0,99.9888888888889,-0.011111111111106187,0.0,0.022222222222222223,-0.022222222222222223,89.970625,1.970625,88.0,89.84892857142857,3.1289285714285713,86.72000000000001,10.029374999999996,96.85996031746032,86.83058531746033
wo_invalid,cifar10,resnet18,8,0.05,0,93.91000000000001,93.84,-0.07000000000000339,99.94999999999999,99.9875,0.03750000000000142,0.1111111111111111,0.03333333333333333,0.07777777777777778,2.743125,2.051875,0.6912500000000001,24.539464285714285,3.129642857142857,21.40982142857143,75.41053571428571,96.85785714285714,21.44732142857143
wo_invalid,cifar10,resnet18,8,0.05,1,93.97,93.96,-0.009999999999998899,99.9611111111111,99.98888888888891,0.027777777777804324,0.06666666666666667,0.022222222222222223,0.04444444444444444,2.853125,2.033125,0.8200000000000003,22.331607142857145,3.16,19.171607142857145,77.62950396825396,96.82888888888891,19.199384920634955
wo_invalid,cifar10,resnet18,8,0.05,2,93.92,94.03,0.10999999999999899,99.97361111111111,99.9888888888889,0.015277777777789048,0.05555555555555555,0.022222222222222223,0.03333333333333333,2.921875,1.970625,0.95125,23.124642857142856,3.1289285714285713,19.995714285714286,76.84896825396825,96.85996031746032,20.010992063492072
full,cifar10,vgg11,4,0.01,0,90.36,90.56,0.20000000000000018,98.95277777777778,99.22500000000001,0.27222222222222925,0.4888888888888889,0.36666666666666664,0.12222222222222222,4.31875,3.7699999999999996,0.54875,5.540833333333333,5.29,0.2508333333333328,93.41194444444444,93.93500000000002,0.5230555555555627
full,cifar10,vgg11,4,0.01,1,90.45,90.21000000000001,-0.23999999999999577,98.21111111111111,98.63888888888889,0.4277777777777714,0.7666666666666666,0.8,-0.033333333333333395,3.57125,3.8524999999999996,-0.28124999999999956,4.605833333333333,5.304166666666667,-0.6983333333333335,93.60527777777779,93.33472222222223,-0.27055555555556277
full,cifar10,vgg11,4,0.01,2,90.61,90.48,-0.12999999999999678,98.12222222222222,99.1138888888889,0.9916666666666685,1.3444444444444446,0.6222222222222222,0.7222222222222223,4.206250000000001,4.04125,0.16500000000000056,5.4191666666666665,4.901666666666666,0.5174999999999998,92.70305555555555,94.21222222222222,1.5091666666666614
naive_dual,cifar10,vgg11,4,0.01,0,90.83,90.56,-0.27000000000000357,99.64999999999999,99.22500000000001,-0.4249999999999865,0.33333333333333337,0.36666666666666664,-0.033333333333333305,51.214999999999996,3.7699999999999996,47.445,89.5325,5.29,84.24249999999999,10.11749999999999,93.93500000000002,83.81750000000002
naive_dual,cifar10,vgg11,4,0.01,1,90.78,90.21000000000001,-0.5700000000000038,99.68888888888888,98.63888888888889,-1.0499999999999954,0.32222222222222224,0.8,-0.47777777777777786,50.89875000000001,3.8524999999999996,47.04625000000001,88.63583333333334,5.304166666666667,83.33166666666668,11.053055555555547,93.33472222222223,82.28166666666668
naive_dual,cifar10,vgg11,4,0.01,2,90.47,90.48,0.010000000000010001,99.68888888888888,99.1138888888889,-0.5749999999999922,0.24444444444444444,0.6222222222222222,-0.37777777777777777,52.33125,4.04125,48.28999999999999,88.82833333333333,4.901666666666666,83.92666666666666,10.860555555555552,94.21222222222222,83.35166666666667
single,cifar10,vgg11,4,0.01,0,90.31,90.56,0.24999999999999467,99.99722222222222,99.22500000000001,-0.7722222222222186,0.011111111111111112,0.36666666666666664,-0.3555555555555555,89.685,3.7699999999999996,85.915,87.91916666666667,5.29,82.62916666666666,10.312222222222223,93.93500000000002,83.62277777777778
single,cifar10,vgg11,4,0.01,1,90.81,90.21000000000001,-0.6000000000000005,100.0,98.63888888888889,-1.361111111111113,0.0,0.8,-0.8,89.66375,3.8524999999999996,85.81125,87.56416666666667,5.304166666666667,82.26,10.336250000000003,93.33472222222223,82.99847222222222
single,cifar10,vgg11,4,0.01,2,90.83,90.48,-0.34999999999999476,100.0,99.1138888888889,-0.8861111111111097,0.0,0.6222222222222222,-0.6222222222222222,89.51249999999999,4.04125,85.47125,87.26916666666666,4.901666666666666,82.36749999999999,10.487500000000004,94.21222222222222,83.72472222222221
wo_invalid,cifar10,vgg11,4,0.01,0,90.58,90.56,-0.0200000000000089,99.375,99.22500000000001,-0.14999999999999458,0.34444444444444444,0.36666666666666664,-0.02222222222222222,4.5287500000000005,3.7699999999999996,0.7587500000000004,18.3025,5.29,13.0125,81.0725,93.93500000000002,12.86250000000001
wo_invalid,cifar10,vgg11,4,0.01,1,91.05,90.21000000000001,-0.8399999999999963,98.83611111111111,98.63888888888889,-0.1972222222222153,0.5111111111111112,0.8,-0.28888888888888886,4.2612499999999995,3.8524999999999996,0.40875000000000006,16.1,5.304166666666667,10.795833333333334,82.7361111111111,93.33472222222223,10.598611111111122
wo_invalid,cifar10,vgg11,4,0.01,2,90.53999999999999,90.48,-0.05999999999999339,98.46666666666667,99.1138888888889,0.6472222222222213,1.0444444444444443,0.6222222222222222,0.42222222222222217,4.57625,4.04125,0.535,10.510833333333332,4.901666666666666,5.609166666666667,87.95583333333333,94.21222222222222,6.256388888888886
full,cifar10,vgg11,4,0.05,0,90.5,90.34,-0.16000000000000458,99.93611111111112,99.91944444444445,-0.01666666666666483,0.06666666666666667,0.05555555555555555,0.01111111111111111,2.4899999999999998,2.4525,0.037499999999999686,3.0733333333333333,3.078333333333333,-0.004999999999999796,96.86277777777778,96.8411111111111,-0.021666666666675383
full,cifar10,vgg11,4,0.05,1,90.41,91.09,0.6800000000000028,99.88333333333334,99.93888888888888,0.05555555555555314,0.13333333333333333,0.03333333333333333,0.1,2.3125,2.3675,-0.05500000000000019,3.1225,3.045,0.07749999999999979,96.76083333333334,96.8938888888889,0.13305555555555015
full,cifar10,vgg11,4,0.05,2,90.93,90.77,-0.16000000000000458,99.85,99.93055555555556,0.08055555555556149,0.1,0.044444444444444446,0.05555555555555555,2.4675,2.2624999999999997,0.20499999999999996,2.9425,3.305,-0.3625000000000003,96.90749999999998,96.62555555555555,-0.28194444444443745
naive_dual,cifar10,vgg11,4,0.05,0,90.78,90.34,-0.44000000000000705,99.96666666666665,99.91944444444445,-0.04722222222220962,0.03333333333333333,0.05555555555555555,-0.022222222222222223,50.503750000000004,2.4525,48.05125,90.00833333333334,3.078333333333333,86.92999999999999,9.958333333333325,96.8411111111111,86.88277777777779
naive_dual,cifar10,vgg11,4,0.05,1,90.9,91.09,0.19000000000000128,99.93611111111112,99.93888888888888,0.002777777777773771,0.06666666666666667,0.03333333333333333,0.03333333333333333,51.363749999999996,2.3675,48.996249999999996,89.78833333333334,3.045,86.74333333333334,10.147777777777778,96.8938888888889,86.74611111111112
naive_dual,cifar10,vgg11,4,0.05,2,90.60000000000001,90.77,0.16999999999999238,99.96944444444445,99.93055555555556,-0.03888888888889941,0.03333333333333333,0.044444444444444446,-0.011111111111111115,49.45,2.2624999999999997,47.1875,89.7475,3.305,86.4425,10.221944444444453,96.62555555555555,86.4036111111111
single,cifar10,vgg11,4,0.05,0,91.12,90.34,-0.7800000000000029,100.0,99.91944444444445,-0.08055555555555038,0.0,0.05555555555555555,-0.05555555555555555,89.96625,2.4525,87.51375,91.27250000000001,3.078333333333333,88.19416666666666,8.7275,96.8411111111111,88.11361111111111
single,cifar10,vgg11,4,0.05,1,90.92,91.09,0.17000000000000348,100.0,99.93888888888888,-0.06111111111111178,0.0,0.03333333333333333,-0.03333333333333333,89.86375,2.3675,87.49625,89.03666666666666,3.045,85.99166666666666,10.136250000000002,96.8938888888889,86.75763888888889
single,cifar10,vgg11,4,0.05,2,91.09,90.77,-0.32000000000000917,100.0,99.93055555555556,-0.0694444444444442,0.0,0.044444444444444446,-0.044444444444444446,89.99000000000001,2.2624999999999997,87.7275,90.69333333333334,3.305,87.38833333333334,9.306666666666663,96.62555555555555,87.31888888888889
wo_invalid,cifar10,vgg11,4,0.05,0,90.57,90.34,-0.22999999999999687,99.93055555555556,99.91944444444445,-0.011111111111106187,0.044444444444444446,0.05555555555555555,-0.01111111111111111,2.91125,2.4525,0.45874999999999977,4.604166666666667,3.078333333333333,1.5258333333333336,95.32638888888889,96.8411111111111,1.51472222222222
wo_invalid,cifar10,vgg11,4,0.05,1,91.32000000000001,91.09,-0.22999999999999687,99.92777777777778,99.93888888888888,0.011111111111117289,0.07777777777777778,0.03333333333333333,0.04444444444444444,3.17375,2.3675,0.80625,4.666666666666667,3.045,1.6216666666666668,95.2611111111111,96.8938888888889,1.632777777777783
wo_invalid,cifar10,vgg11,4,0.05,2,90.79,90.77,-0.0200000000000089,99.94722222222222,99.93055555555556,-0.01666666666666483,0.12222222222222222,0.044444444444444446,0.07777777777777778,2.8674999999999997,2.2624999999999997,0.605,4.950833333333334,3.305,1.6458333333333333,94.99638888888889,96.62555555555555,1.6291666666666704
full,cifar10,vgg11,8,0.01,0,90.59,90.32,-0.27000000000000357,98.33611111111111,98.64583333333333,0.30972222222221957,2.677777777777778,1.8111111111111113,0.8666666666666666,8.413125,8.26375,0.1493750000000002,12.8025,13.063035714285714,-0.26053571428571454,85.53361111111111,85.58279761904761,0.04918650793650503
full,cifar10,vgg11,8,0.01,1,90.8,90.61,-0.19000000000000128,97.43888888888888,97.91666666666667,0.47777777777778807,3.3888888888888893,2.522222222222222,0.8666666666666669,8.62,8.17,0.4500000000000004,12.810357142857143,11.839464285714286,0.9708928571428577,84.62853174603174,86.07720238095239,1.4486706349206457
full,cifar10,vgg11,8,0.01,2,91.01,90.5,-0.5099999999999993,97.19999999999999,98.1222222222222,0.9222222222222243,3.966666666666667,3.3000000000000003,0.6666666666666667,9.2275,8.576875000000001,0.6506249999999991,12.863392857142857,12.721964285714286,0.1414285714285729,84.33660714285713,85.40025793650793,1.0636507936507944
naive_dual,cifar10,vgg11,8,0.01,0,90.81,90.32,-0.49000000000000155,99.6875,98.64583333333333,-1.041666666666663,0.3888888888888889,1.8111111111111113,-1.4222222222222223,51.82125,8.26375,43.55749999999999,89.21714285714286,13.063035714285714,76.15410714285716,10.470357142857134,85.58279761904761,75.11244047619047
naive_dual,cifar10,vgg11,8,0.01,1,90.56,90.61,0.050000000000005596,99.60555555555555,97.91666666666667,-1.6888888888888731,0.4555555555555556,2.522222222222222,-2.0666666666666664,53.408750000000005,8.17,45.23875,89.30696428571429,11.839464285714286,77.4675,10.298591269841262,86.07720238095239,75.77861111111113
naive_dual,cifar10,vgg11,8,0.01,2,90.92,90.5,-0.41999999999999815,99.85138888888889,98.1222222222222,-1.7291666666666816,0.18888888888888888,3.3000000000000003,-3.111111111111111,56.816250000000004,8.576875000000001,48.239375,88.35589285714286,12.721964285714286,75.63392857142858,11.495496031746033,85.40025793650793,73.9047619047619
single,cifar10,vgg11,8,0.01,0,90.64,90.32,-0.31999999999999806,99.99722222222222,98.64583333333333,-1.3513888888888936,0.011111111111111112,1.8111111111111113,-1.8000000000000003,89.43062499999999,8.26375,81.16687499999999,87.31178571428572,13.063035714285714,74.24875,10.56659722222223,85.58279761904761,75.01620039682538
single,cifar10,vgg11,8,0.01,1,90.44,90.61,0.17000000000000348,99.99166666666667,97.91666666666667,-2.0750000000000046,0.03333333333333333,2.522222222222222,-2.488888888888889,89.448125,8.17,81.278125,86.1975,11.839464285714286,74.35803571428572,10.543541666666679,86.07720238095239,75.53366071428572
single,cifar10,vgg11,8,0.01,2,90.75999999999999,90.5,-0.25999999999999357,100.0,98.1222222222222,-1.8777777777777893,0.0,3.3000000000000003,-3.3000000000000003,89.503125,8.576875000000001,80.92625,86.65053571428571,12.721964285714286,73.92857142857143,10.496875000000006,85.40025793650793,74.90338293650792
wo_invalid,cifar10,vgg11,8,0.01,0,90.62,90.32,-0.30000000000000027,98.84444444444445,98.64583333333333,-0.1986111111111133,1.7888888888888888,1.8111111111111113,-0.022222222222222435,10.792499999999999,8.26375,2.528749999999999,41.60160714285715,13.063035714285714,28.53857142857143,57.2428373015873,85.58279761904761,28.33996031746031
wo_invalid,cifar10,vgg11,8,0.01,1,90.58,90.61,0.029999999999996696,98.18194444444444,97.91666666666667,-0.2652777777777615,2.577777777777778,2.522222222222222,0.055555555555555566,10.1625,8.17,1.9924999999999997,38.863035714285715,11.839464285714286,27.02357142857143,59.318908730158725,86.07720238095239,26.758293650793664
wo_invalid,cifar10,vgg11,8,0.01,2,90.85,90.5,-0.34999999999999476,98.48750000000001,98.1222222222222,-0.3652777777777949,2.0444444444444447,3.3000000000000003,-1.2555555555555555,10.739374999999999,8.576875000000001,2.162499999999999,39.722678571428574,12.721964285714286,27.000714285714288,58.76482142857144,85.40025793650793,26.635436507936493
full,cifar10,vgg11,8,0.05,0,90.28,90.28,0.0,99.91527777777777,99.85694444444445,-0.05833333333332691,0.1111111111111111,0.33333333333333337,-0.22222222222222227,4.6293750000000005,4.343125,0.2862500000000004,6.863392857142856,6.527857142857142,0.3355357142857146,93.05188492063492,93.32908730158731,0.27720238095239047
full,cifar10,vgg11,8,0.05,1,90.63,90.72,0.09000000000000119,99.86388888888888,99.88194444444444,0.01805555555556282,0.2,0.2222222222222222,-0.02222222222222222,4.7,4.445625000000001,0.25437499999999974,7.32875,6.726964285714286,0.6017857142857144,92.5351388888889,93.15498015873015,0.6198412698412703
full,cifar10,vgg11,8,0.05,2,90.53,90.02,-0.5099999999999993,99.90416666666667,99.92916666666666,0.024999999999986144,0.14444444444444443,0.14444444444444443,0.0,4.855625,4.635,0.220625,7.441428571428571,6.892678571428572,0.5487499999999992,92.46273809523811,93.03648809523808,0.573749999999984
naive_dual,cifar10,vgg11,8,0.05,0,90.67,90.28,-0.38999999999999035,99.90694444444445,99.85694444444445,-0.04999999999999449,0.14444444444444443,0.33333333333333337,-0.1888888888888889,55.25750000000001,4.343125,50.914375,89.22857142857143,6.527857142857142,82.70071428571428,10.67837301587302,93.32908730158731,82.65071428571429
naive_dual,cifar10,vgg11,8,0.05,1,90.58,90.72,0.13999999999999568,99.92222222222222,99.88194444444444,-0.04027777777776409,0.14444444444444443,0.2222222222222222,-0.07777777777777778,52.127500000000005,4.445625000000001,47.681875000000005,89.70303571428572,6.726964285714286,82.97607142857143,10.219186507936495,93.15498015873015,82.93579365079367
naive_dual,cifar10,vgg11,8,0.05,2,90.41,90.02,-0.39000000000000146,99.93888888888888,99.92916666666666,-0.009722222222230403,0.07777777777777778,0.14444444444444443,-0.06666666666666667,50.6425,4.635,46.0075,89.86053571428572,6.892678571428572,82.96785714285716,10.078353174603173,93.03648809523808,82.95813492063492
single,cifar10,vgg11,8,0.05,0,90.64999999999999,90.28,-0.36999999999999256,100.0,99.85694444444445,-0.14305555555554905,0.0,0.33333333333333337,-0.33333333333333337,89.925625,4.343125,85.5825,88.94571428571429,6.527857142857142,82.41785714285714,10.074375000000002,93.32908730158731,83.2547123015873
single,cifar10,vgg11,8,0.05,1,90.72,90.72,0.0,100.0,99.88194444444444,-0.1180555555555518,0.0,0.2222222222222222,-0.2222222222222222,89.85875,4.445625000000001,85.41312500000001,89.0155357142857,6.726964285714286,82.28857142857142,10.141250000000001,93.15498015873015,83.01373015873016
single,cifar10,vgg11,8,0.05,2,90.79,90.02,-0.770000000000004,100.0,99.92916666666666,-0.07083333333334219,0.0,0.14444444444444443,-0.14444444444444443,89.918125,4.635,85.283125,88.66589285714286,6.892678571428572,81.77321428571429,10.081874999999997,93.03648809523808,82.95461309523809
wo_invalid,cifar10,vgg11,8,0.05,0,90.5,90.28,-0.21999999999999797,99.8,99.85694444444445,0.056944444444451126,0.3111111111111111,0.33333333333333337,-0.02222222222222226,6.9325,4.343125,2.589375,31.62446428571429,6.527857142857142,25.096607142857145,68.17553571428572,93.32908730158731,25.153551587301592
wo_invalid,cifar10,vgg11,8,0.05,1,90.96,90.72,-0.23999999999999577,99.63749999999999,99.88194444444444,0.24444444444445823,0.35555555555555557,0.2222222222222222,0.13333333333333336,7.145,4.445625000000001,2.699375,27.322142857142858,6.726964285714286,20.59517857142857,72.31535714285712,93.15498015873015,20.83962301587303
wo_invalid,cifar10,vgg11,8,0.05,2,90.78,90.02,-0.7600000000000051,99.88055555555556,99.92916666666666,0.048611111111096506,0.26666666666666666,0.14444444444444443,0.12222222222222222,6.813125,4.635,2.178125,32.74767857142857,6.892678571428572,25.855,67.132876984127,93.03648809523808,25.903611111111104
full,cifar100,resnet18,4,0.01,0,76.11,75.03,-1.0800000000000032,99.0050505050505,98.81565656565657,-0.18939393939393367,0.030303030303030304,0.0101010101010101,0.0202020202020202,0.8862500000000001,1.38,-0.4937499999999999,0.695,1.0808333333333333,-0.38583333333333336,98.1188005050505,97.43565656565657,-0.6831439393939376
full,cifar100,resnet18,4,0.01,1,75.83,75.64999999999999,-0.18000000000000238,99.33080808080807,98.94444444444444,-0.38636363636362914,0.0202020202020202,0.0202020202020202,0.0,1.0775,1.55,-0.47250000000000003,0.5433333333333333,1.0108333333333335,-0.4675,98.25330808080808,97.39444444444445,-0.8588636363636271
full,cifar100,resnet18,4,0.01,2,76.28,74.89,-1.3900000000000023,99.2550505050505,98.58080808080808,-0.6742424242424216,0.0707070707070707,0.030303030303030304,0.0404040404040404,1.48375,1.77125,-0.2874999999999999,0.7799999999999999,1.1975,-0.4175,97.7713005050505,96.80955808080807,-0.9617424242424288
naive_dual,cifar100,resnet18,4,0.01,0,76.63,75.03,-1.6000000000000014,99.83838383838383,98.81565656565657,-1.022727272727264,0.0707070707070707,0.0101010101010101,0.06060606060606061,46.917500000000004,1.38,45.5375,96.43916666666667,1.0808333333333333,95.35833333333333,3.3992171717171726,97.43565656565657,94.0364393939394
naive_dual,cifar100,resnet18,4,0.01,1,76.75999999999999,75.64999999999999,-1.1099999999999999,99.79545454545455,98.94444444444444,-0.8510101010100968,0.050505050505050504,0.0202020202020202,0.030303030303030304,46.93875,1.55,45.38875,87.99249999999999,1.0108333333333335,86.98166666666665,11.802954545454547,97.39444444444445,85.5914898989899
naive_dual,cifar100,resnet18,4,0.01,2,76.34,74.89,-1.4499999999999957,99.82575757575758,98.58080808080808,-1.2449494949494988,0.0101010101010101,0.030303030303030304,-0.0202020202020202,47.894999999999996,1.77125,46.123749999999994,87.91416666666667,1.1975,86.71666666666667,11.911590909090908,96.80955808080807,84.89796717171717
single,cifar100,resnet18,4,0.01,0,76.59,75.03,-1.5600000000000058,100.0,98.81565656565657,-1.1843434343434267,0.0,0.0101010101010101,-0.0101010101010101,98.57124999999999,1.38,97.19125,98.405,1.0808333333333333,97.32416666666667,1.4287500000000009,97.43565656565657,96.00690656565656
single,cifar100,resnet18,4,0.01,1,76.79,75.64999999999999,-1.1400000000000077,99.99747474747474,98.94444444444444,-1.0530303030303,0.0,0.0202020202020202,-0.0202020202020202,98.75125,1.55,97.20125,98.49,1.0108333333333335,97.47916666666666,1.2462247474747445,97.39444444444445,96.1482196969697
single,cifar100,resnet18,4,0.01,2,76.48,74.89,-1.5900000000000025,99.99747474747474,98.58080808080808,-1.416666666666666,0.0101010101010101,0.030303030303030304,-0.0202020202020202,98.70125,1.77125,96.92999999999999,98.3625,1.1975,97.165,1.2962247474747501,96.80955808080807,95.51333333333332
wo_invalid,cifar100,resnet18,4,0.01,0,76.61,75.03,-1.5800000000000036,98.6111111111111,98.81565656565657,0.20454545454546835,0.0202020202020202,0.0101010101010101,0.0101010101010101,1.8275,1.38,0.4475,19.445,1.0808333333333333,18.364166666666666,79.1661111111111,97.43565656565657,18.269545454545465
wo_invalid,cifar100,resnet18,4,0.01,1,76.84,75.64999999999999,-1.1900000000000022,98.72474747474747,98.94444444444444,0.21969696969696972,0.030303030303030304,0.0202020202020202,0.0101010101010101,1.95625,1.55,0.40625,25.648333333333333,1.0108333333333335,24.637500000000003,73.07641414141415,97.39444444444445,24.3180303030303
wo_invalid,cifar100,resnet18,4,0.01,2,76.75999999999999,74.89,-1.869999999999994,98.60606060606061,98.58080808080808,-0.02525252525252819,0.050505050505050504,0.030303030303030304,0.0202020202020202,1.3187499999999999,1.77125,-0.45249999999999996,17.831666666666667,1.1975,16.634166666666665,80.77439393939395,96.80955808080807,16.03516414141414
full,cifar100,resnet18,4,0.05,0,76.28,75.53999999999999,-0.7400000000000073,99.9090909090909,99.91161616161617,0.0025252525252650315,0.0101010101010101,0.0,0.0101010101010101,0.39249999999999996,0.4275,-0.035000000000000045,0.43,0.4608333333333333,-0.03083333333333332,99.4790909090909,99.45078282828284,-0.028308080808070457
full,cifar100,resnet18,4,0.05,1,76.22,75.27000000000001,-0.9499999999999953,99.96464646464646,99.9469696969697,-0.017676767676766403,0.0,0.0,0.0,0.42375,0.46125000000000005,-0.03750000000000003,0.45999999999999996,0.5283333333333333,-0.06833333333333336,99.50464646464646,99.41863636363637,-0.08601010101009221
full,cifar100,resnet18,4,0.05,2,76.38000000000001,74.78,-1.6000000000000014,99.92929292929293,99.9469696969697,0.017676767676766403,0.0,0.0,0.0,0.43375,0.49375,-0.059999999999999984,0.4783333333333333,0.5499999999999999,-0.07166666666666667,99.4509595959596,99.3969696969697,-0.05398989898989237
naive_dual,cifar100,resnet18,4,0.05,0,76.55999999999999,75.53999999999999,-1.0199999999999987,99.97979797979798,99.91161616161617,-0.06818181818181168,0.0,0.0,0.0,50.03375,0.4275,49.60625,98.81166666666667,0.4608333333333333,98.35083333333333,1.1681313131313154,99.45078282828284,98.28265151515151
naive_dual,cifar100,resnet18,4,0.05,1,76.44999999999999,75.27000000000001,-1.1799999999999922,99.98989898989899,99.9469696969697,-0.042929292929294594,0.0101010101010101,0.0,0.0101010101010101,49.957499999999996,0.46125000000000005,49.496249999999996,95.06666666666666,0.5283333333333333,94.53833333333334,4.923232323232329,99.41863636363637,94.49540404040404
naive_dual,cifar100,resnet18,4,0.05,2,75.9,74.78,-1.1199999999999988,99.97979797979798,99.9469696969697,-0.032828282828278876,0.0,0.0,0.0,47.96,0.49375,47.46625,93.29333333333332,0.5499999999999999,92.74333333333334,6.6864646464646516,99.3969696969697,92.71050505050505
single,cifar100,resnet18,4,0.05,0,76.92999999999999,75.53999999999999,-1.3900000000000023,100.0,99.91161616161617,-0.08838383838383201,0.0,0.0,0.0,99.01375,0.4275,98.58624999999999,99.0775,0.4608333333333333,98.61666666666666,0.9225000000000039,99.45078282828284,98.52828282828283
single,cifar100,resnet18,4,0.05,1,76.89,75.27000000000001,-1.6199999999999992,100.0,99.9469696969697,-0.05303030303029921,0.0,0.0,0.0,99.02,0.46125000000000005,98.55874999999999,98.92666666666666,0.5283333333333333,98.39833333333333,0.9800000000000031,99.41863636363637,98.43863636363636
single,cifar100,resnet18,4,0.05,2,76.8,74.78,-2.0199999999999996,100.0,99.9469696969697,-0.05303030303029921,0.0,0.0,0.0,99.015,0.49375,98.52125,98.9025,0.5499999999999999,98.3525,0.9850000000000025,99.3969696969697,98.4119696969697
wo_invalid,cifar100,resnet18,4,0.05,0,76.37,75.53999999999999,-0.8300000000000085,99.96969696969697,99.91161616161617,-0.05808080808080707,0.0,0.0,0.0,0.59625,0.4275,0.16874999999999998,2.4183333333333334,0.4608333333333333,1.9575000000000002,97.55136363636365,99.45078282828284,1.8994191919191938
wo_invalid,cifar100,resnet18,4,0.05,1,76.16000000000001,75.27000000000001,-0.8900000000000019,99.95454545454547,99.9469696969697,-0.007575757575761788,0.0,0.0,0.0,0.48125,0.46125000000000005,0.019999999999999966,2.86,0.5283333333333333,2.3316666666666666,97.09454545454547,99.41863636363637,2.3240909090909034
wo_invalid,cifar100,resnet18,4,0.05,2,76.49000000000001,74.78,-1.7100000000000004,99.96464646464646,99.9469696969697,-0.017676767676766403,0.0,0.0,0.0,0.36375,0.49375,-0.13,0.8833333333333334,0.5499999999999999,0.33333333333333337,99.08131313131314,99.3969696969697,0.31565656565657463
full,cifar100,resnet18,8,0.01,0,76.67,75.59,-1.0800000000000032,97.8320707070707,98.05934343434343,0.2272727272727315,0.20202020202020202,0.2222222222222222,-0.0202020202020202,2.1975000000000002,2.339375,-0.14187499999999997,1.8828571428571428,1.8405357142857144,0.04232142857142837,95.6345707070707,95.71996843434343,0.0853977272727291
full,cifar100,resnet18,8,0.01,1,76.55999999999999,75.3,-1.2599999999999945,98.50883838383838,97.72979797979798,-0.7790404040404098,0.40404040404040403,0.45454545454545453,-0.05050505050505048,2.205,1.461875,0.743125,1.3942857142857141,1.1142857142857143,0.27999999999999986,96.30383838383838,96.26792297979797,-0.035915404040409715
full,cifar100,resnet18,8,0.01,2,76.4,74.92999999999999,-1.4700000000000046,97.73484848484848,97.64141414141415,-0.09343434343433987,0.2828282828282828,0.21212121212121215,0.07070707070707069,2.11375,2.373125,-0.2593749999999999,1.7792857142857141,2.1914285714285717,-0.4121428571428575,95.62109848484849,95.26828914141416,-0.3528093434343349
naive_dual,cifar100,resnet18,8,0.01,0,76.69,75.59,-1.100000000000001,99.68813131313131,98.05934343434343,-1.6287878787878851,0.0808080808080808,0.2222222222222222,-0.1414141414141414,48.88,2.339375,46.540625000000006,97.31571428571428,1.8405357142857144,95.47517857142857,2.3724170274170286,95.71996843434343,93.3475514069264
naive_dual,cifar100,resnet18,8,0.01,1,76.47,75.3,-1.1700000000000044,99.67929292929293,97.72979797979798,-1.9494949494949565,0.0808080808080808,0.45454545454545453,-0.3737373737373737,49.138125,1.461875,47.676249999999996,98.19357142857143,1.1142857142857143,97.07928571428572,1.485721500721504,96.26792297979797,94.78220147907646
naive_dual,cifar100,resnet18,8,0.01,2,76.61,74.92999999999999,-1.6800000000000037,99.5580808080808,97.64141414141415,-1.9166666666666554,0.1111111111111111,0.21212121212121215,-0.10101010101010104,48.7775,2.373125,46.404375,95.87196428571428,2.1914285714285717,93.68053571428572,3.6861165223665227,95.26828914141416,91.58217261904763
single,cifar100,resnet18,8,0.01,0,76.86,75.59,-1.2699999999999934,99.99747474747474,98.05934343434343,-1.9381313131313194,0.0,0.2222222222222222,-0.2222222222222222,98.39625,2.339375,96.05687499999999,98.53607142857143,1.8405357142857144,96.69553571428571,1.4614033189033204,95.71996843434343,94.2585651154401
single,cifar100,resnet18,8,0.01,1,76.89,75.3,-1.5900000000000025,99.99747474747474,97.72979797979798,-2.267676767676774,0.0,0.45454545454545453,-0.45454545454545453,98.5625,1.461875,97.100625,98.41125,1.1142857142857143,97.29696428571428,1.4349747474747487,96.26792297979797,94.83294823232322
single,cifar100,resnet18,8,0.01,2,76.3,74.92999999999999,-1.3700000000000045,99.99747474747474,97.64141414141415,-2.356060606060595,0.0,0.21212121212121215,-0.21212121212121215,98.45375,2.373125,96.080625,98.3075,2.1914285714285717,96.11607142857143,1.5437247474747506,95.26828914141416,93.7245643939394
wo_invalid,cifar100,resnet18,8,0.01,0,76.81,75.59,-1.2199999999999989,98.60101010101012,98.05934343434343,-0.5416666666666847,0.5353535353535354,0.2222222222222222,0.3131313131313131,2.2087499999999998,2.339375,-0.13062500000000019,42.97571428571428,1.8405357142857144,41.13517857142857,55.62529581529583,95.71996843434343,40.0946726190476
wo_invalid,cifar100,resnet18,8,0.01,1,76.59,75.3,-1.2900000000000023,98.58080808080808,97.72979797979798,-0.8510101010101079,0.26262626262626265,0.45454545454545453,-0.1919191919191919,3.3875,1.461875,1.9256250000000001,44.214107142857145,1.1142857142857143,43.09982142857143,54.36670093795093,96.26792297979797,41.90122204184704
wo_invalid,cifar100,resnet18,8,0.01,2,76.2,74.92999999999999,-1.2700000000000045,97.83459595959596,97.64141414141415,-0.19318181818180902,0.27272727272727276,0.21212121212121215,0.06060606060606061,3.2425,2.373125,0.8693750000000003,33.120892857142856,2.1914285714285717,30.929464285714285,64.7137031024531,95.26828914141416,30.55458603896105
full,cifar100,resnet18,8,0.05,0,76.12,75.33999999999999,-0.7800000000000029,99.9191919191919,99.88383838383838,-0.035353535353532806,0.030303030303030304,0.0202020202020202,0.0101010101010101,0.858125,0.851875,0.0062500000000000056,1.0321428571428573,1.0767857142857142,-0.04464285714285716,98.88704906204904,98.80705266955266,-0.07999639249638424
full,cifar100,resnet18,8,0.05,1,76.08,74.97,-1.1099999999999999,99.80303030303031,99.86363636363636,0.060606060606060996,0.030303030303030304,0.0202020202020202,0.0101010101010101,0.6956249999999999,0.7587499999999999,-0.06312499999999999,0.9175000000000001,1.09625,-0.1787499999999999,98.8855303030303,98.76738636363636,-0.1181439393939332
full,cifar100,resnet18,8,0.05,2,76.25,75.0,-1.2499999999999956,99.87752525252527,99.86111111111111,-0.01641414141415609,0.0404040404040404,0.0202020202020202,0.0202020202020202,1.0093750000000001,0.9093749999999999,0.10000000000000009,1.2644642857142858,1.2621428571428572,0.002321428571428613,98.61306096681098,98.59896825396825,-0.014092712842728172
naive_dual,cifar100,resnet18,8,0.05,0,76.66,75.33999999999999,-1.319999999999999,99.97979797979798,99.88383838383838,-0.0959595959596049,0.0,0.0202020202020202,-0.0202020202020202,50.431250000000006,0.851875,49.579375000000006,98.995,1.0767857142857142,97.91821428571428,0.98479797979798,98.80705266955266,97.82225468975469
naive_dual,cifar100,resnet18,8,0.05,1,76.05,74.97,-1.079999999999992,99.96717171717172,99.86363636363636,-0.10353535353535559,0.0101010101010101,0.0202020202020202,-0.0101010101010101,50.095,0.7587499999999999,49.33625,98.59071428571428,1.09625,97.49446428571429,1.376457431457434,98.76738636363636,97.39092893217894
naive_dual,cifar100,resnet18,8,0.05,2,76.38000000000001,75.0,-1.3800000000000034,99.97348484848484,99.86111111111111,-0.11237373737373879,0.0202020202020202,0.0202020202020202,0.0,51.024375,0.9093749999999999,50.114999999999995,96.39357142857143,1.2621428571428572,95.13142857142857,3.5799134199134164,98.59896825396825,95.01905483405484
single,cifar100,resnet18,8,0.05,0,76.7,75.33999999999999,-1.3600000000000056,100.0,99.88383838383838,-0.11616161616162524,0.0,0.0202020202020202,-0.0202020202020202,98.93875,0.851875,98.08687499999999,98.76482142857142,1.0767857142857142,97.68803571428572,1.0612500000000025,98.80705266955266,97.74580266955266
single,cifar100,resnet18,8,0.05,1,76.23,74.97,-1.2599999999999945,100.0,99.86363636363636,-0.13636363636363447,0.0,0.0202020202020202,-0.0202020202020202,98.929375,0.7587499999999999,98.170625,98.88214285714285,1.09625,97.78589285714285,1.0706250000000028,98.76738636363636,97.69676136363637
single,cifar100,resnet18,8,0.05,2,76.64999999999999,75.0,-1.649999999999996,100.0,99.86111111111111,-0.1388888888888884,0.0,0.0202020202020202,-0.0202020202020202,98.954375,0.9093749999999999,98.045,98.78696428571429,1.2621428571428572,97.52482142857143,1.0456249999999945,98.59896825396825,97.55334325396827
wo_invalid,cifar100,resnet18,8,0.05,0,76.64999999999999,75.33999999999999,-1.31,99.9709595959596,99.88383838383838,-0.0871212121212217,0.0202020202020202,0.0202020202020202,0.0,1.16125,0.851875,0.30937499999999996,53.60035714285715,1.0767857142857142,52.52357142857144,46.37060245310245,98.80705266955266,52.43645021645021
wo_invalid,cifar100,resnet18,8,0.05,1,76.5,74.97,-1.529999999999998,99.9520202020202,99.86363636363636,-0.08838383838383201,0.0101010101010101,0.0202020202020202,-0.0101010101010101,0.8256249999999999,0.7587499999999999,0.066875,29.394642857142856,1.09625,28.298392857142858,70.55737734487735,98.76738636363636,28.21000901875902
wo_invalid,cifar100,resnet18,8,0.05,2,76.32,75.0,-1.319999999999999,99.95202020202021,99.86111111111111,-0.09090909090909705,0.0101010101010101,0.0202020202020202,-0.0101010101010101,1.1243750000000001,0.9093749999999999,0.21500000000000008,25.590000000000003,1.2621428571428572,24.327857142857145,74.3620202020202,98.59896825396825,24.236948051948048
full,cifar100,vgg11,4,0.01,0,68.34,67.53,-0.8099999999999996,99.04545454545455,98.63131313131312,-0.41414141414142236,0.0707070707070707,0.13131313131313133,-0.06060606060606061,1.9675000000000002,1.6199999999999999,0.34750000000000025,0.7983333333333333,1.1925,-0.3941666666666666,97.07795454545455,97.01131313131313,-0.06664141414142177
full,cifar100,vgg11,4,0.01,1,68.8,67.51,-1.2899999999999912,98.7878787878788,99.1590909090909,0.37121212121211666,0.050505050505050504,0.050505050505050504,0.0,1.68875,1.2175,0.47124999999999995,1.0708333333333333,0.8574999999999999,0.21333333333333343,97.09912878787878,97.9415909090909,0.8424621212121175
full,cifar100,vgg11,4,0.01,2,68.60000000000001,67.29,-1.31,98.59343434343434,99.13636363636364,0.542929292929295,0.050505050505050504,0.0202020202020202,0.030303030303030304,1.78375,1.5725,0.21125,1.3016666666666665,1.35,-0.04833333333333339,96.80968434343434,97.56386363636364,0.7541792929292912
naive_dual,cifar100,vgg11,4,0.01,0,68.91000000000001,67.53,-1.3800000000000034,99.49242424242424,98.63131313131312,-0.8611111111111125,0.06060606060606061,0.13131313131313133,-0.0707070707070707,50.01375,1.6199999999999999,48.393750000000004,95.68666666666667,1.1925,94.49416666666667,3.8057575757575735,97.01131313131313,93.20555555555555
naive_dual,cifar100,vgg11,4,0.01,1,68.66,67.51,-1.1499999999999955,99.71969696969698,99.1590909090909,-0.5606060606060725,0.0404040404040404,0.050505050505050504,-0.0101010101010101,50.16374999999999,1.2175,48.94625,92.01083333333332,0.8574999999999999,91.15333333333334,7.70886363636365,97.9415909090909,90.23272727272726
naive_dual,cifar100,vgg11,4,0.01,2,68.74,67.29,-1.4499999999999957,99.62878787878789,99.13636363636364,-0.49242424242424976,0.0707070707070707,0.0202020202020202,0.050505050505050504,58.1275,1.5725,56.555,90.51666666666667,1.35,89.16666666666667,9.112121212121217,97.56386363636364,88.45174242424243
single,cifar100,vgg11,4,0.01,0,68.65,67.53,-1.1199999999999988,100.0,98.63131313131312,-1.3686868686868747,0.0,0.13131313131313133,-0.13131313131313133,98.40124999999999,1.6199999999999999,96.78125,98.75500000000001,1.1925,97.56250000000001,1.244999999999996,97.01131313131313,95.76631313131313
single,cifar100,vgg11,4,0.01,1,69.0,67.51,-1.4899999999999913,100.0,99.1590909090909,-0.8409090909090922,0.0,0.050505050505050504,-0.050505050505050504,98.36625,1.2175,97.14874999999999,98.7975,0.8574999999999999,97.94,1.2024999999999952,97.9415909090909,96.7390909090909
single,cifar100,vgg11,4,0.01,2,68.94,67.29,-1.649999999999996,99.99747474747474,99.13636363636364,-0.8611111111111125,0.0,0.0202020202020202,-0.0202020202020202,98.51875,1.5725,96.94625,98.78166666666667,1.35,97.43166666666667,1.2158080808080785,97.56386363636364,96.34805555555556
wo_invalid,cifar100,vgg11,4,0.01,0,68.88,67.53,-1.3499999999999956,99.25252525252525,98.63131313131312,-0.6212121212121224,0.09090909090909091,0.13131313131313133,-0.0404040404040404,1.86875,1.6199999999999999,0.24875000000000003,47.005833333333335,1.1925,45.81333333333333,52.24669191919191,97.01131313131313,44.76462121212121
wo_invalid,cifar100,vgg11,4,0.01,1,68.49,67.51,-0.979999999999992,99.32323232323232,99.1590909090909,-0.1641414141414166,0.0808080808080808,0.050505050505050504,0.030303030303030304,2.2975,1.2175,1.0799999999999998,35.70083333333333,0.8574999999999999,34.843333333333334,63.62239898989899,97.9415909090909,34.319191919191915
wo_invalid,cifar100,vgg11,4,0.01,2,69.07,67.29,-1.7799999999999927,98.92171717171716,99.13636363636364,0.21464646464647297,0.0404040404040404,0.0202020202020202,0.0202020202020202,2.3775,1.5725,0.8050000000000002,32.8825,1.35,31.532499999999995,66.03921717171717,97.56386363636364,31.524646464646466
full,cifar100,vgg11,4,0.05,0,68.57,67.38,-1.1900000000000022,99.89646464646465,99.81565656565657,-0.08080808080808133,0.0202020202020202,0.0,0.0202020202020202,0.5675,0.65,-0.08249999999999993,0.6866666666666666,0.645,0.04166666666666667,99.20979797979797,99.16565656565656,-0.0441414141414076
full,cifar100,vgg11,4,0.05,1,68.69,67.41,-1.2799999999999923,99.95959595959596,99.93434343434345,-0.02525252525251709,0.0,0.0,0.0,0.5737500000000001,0.6325,-0.05874999999999995,0.67,0.7591666666666667,-0.08916666666666664,99.28959595959596,99.17517676767677,-0.11441919191917949
full,cifar100,vgg11,4,0.05,2,68.84,67.16,-1.6800000000000037,99.94444444444444,99.92676767676768,-0.017676767676766403,0.0,0.0,0.0,0.70375,0.72625,-0.02249999999999995,0.7591666666666667,0.7658333333333333,-0.006666666666666626,99.18527777777778,99.16093434343435,-0.024343434343432335
naive_dual,cifar100,vgg11,4,0.05,0,68.44,67.38,-1.0600000000000054,99.97979797979798,99.81565656565657,-0.1641414141414166,0.0101010101010101,0.0,0.0101010101010101,51.370000000000005,0.65,50.72000000000001,98.82416666666667,0.645,98.17916666666667,1.1556313131313112,99.16565656565656,98.01002525252525
naive_dual,cifar100,vgg11,4,0.05,1,68.56,67.41,-1.1499999999999955,99.97474747474746,99.93434343434345,-0.04040404040401846,0.0,0.0,0.0,49.01375,0.6325,48.381249999999994,98.385,0.7591666666666667,97.62583333333333,1.5897474747474605,99.17517676767677,97.58542929292932
naive_dual,cifar100,vgg11,4,0.05,2,68.81,67.16,-1.650000000000007,99.95959595959596,99.92676767676768,-0.032828282828278876,0.0,0.0,0.0,48.96,0.72625,48.23375,92.42833333333334,0.7658333333333333,91.66250000000001,7.531262626262625,99.16093434343435,91.62967171717172
single,cifar100,vgg11,4,0.05,0,68.94,67.38,-1.5600000000000058,100.0,99.81565656565657,-0.18434343434343692,0.0,0.0,0.0,98.95875,0.65,98.30875,98.97666666666667,0.645,98.33166666666668,1.0233333333333317,99.16565656565656,98.14232323232324
single,cifar100,vgg11,4,0.05,1,69.39,67.41,-1.9799999999999929,100.0,99.93434343434345,-0.06565656565655775,0.0,0.0,0.0,99.0375,0.6325,98.405,99.13499999999999,0.7591666666666667,98.37583333333333,0.8650000000000047,99.17517676767677,98.31017676767677
single,cifar100,vgg11,4,0.05,2,69.59,67.16,-2.429999999999999,100.0,99.92676767676768,-0.07323232323231954,0.0,0.0,0.0,98.97500000000001,0.72625,98.24875,98.9675,0.7658333333333333,98.20166666666667,1.0249999999999981,99.16093434343435,98.13593434343434
wo_invalid,cifar100,vgg11,4,0.05,0,69.01,67.38,-1.6300000000000092,99.92676767676768,99.81565656565657,-0.11111111111111738,0.0,0.0,0.0,0.4875,0.65,-0.16249999999999998,0.7675000000000001,0.645,0.12250000000000004,99.15926767676768,99.16565656565656,0.006388888888886335
wo_invalid,cifar100,vgg11,4,0.05,1,68.75,67.41,-1.3399999999999967,99.97727272727272,99.93434343434345,-0.04292929292928349,0.0,0.0,0.0,0.6675,0.6325,0.035000000000000045,3.041666666666667,0.7591666666666667,2.2825,96.93560606060606,99.17517676767677,2.239570707070715
wo_invalid,cifar100,vgg11,4,0.05,2,69.08999999999999,67.16,-1.9299999999999984,99.93181818181819,99.92676767676768,-0.005050505050507859,0.0,0.0,0.0,0.6325,0.72625,-0.09375,1.0183333333333333,0.7658333333333333,0.2525000000000001,98.91348484848486,99.16093434343435,0.2474494949494921
full,cifar100,vgg11,8,0.01,0,68.67999999999999,67.5,-1.1799999999999922,97.39520202020203,97.1628787878788,-0.23232323232323937,0.35353535353535354,0.393939393939394,-0.0404040404040404,3.366875,4.023125,-0.6562500000000006,2.951071428571429,3.2557142857142853,-0.30464285714285677,94.02832702020203,93.13975378787879,-0.888573232323242
full,cifar100,vgg11,8,0.01,1,68.65,67.61,-1.0399999999999965,98.26136363636363,98.62373737373737,0.36237373737373346,0.24242424242424243,0.393939393939394,-0.15151515151515155,3.181875,2.5250000000000004,0.6568749999999999,2.2173214285714287,1.9732142857142858,0.2441071428571428,95.07948863636364,96.09873737373736,1.0192487373737347
full,cifar100,vgg11,8,0.01,2,68.64,68.11,-0.5299999999999971,98.3169191919192,97.7108585858586,-0.6060606060605989,0.27272727272727276,0.27272727272727276,0.0,3.6143750000000003,3.7318749999999996,-0.11749999999999955,2.8735714285714287,3.2744642857142856,-0.40089285714285694,94.70254419191919,93.9789835858586,-0.7235606060605915
naive_dual,cifar100,vgg11,8,0.01,0,68.47999999999999,67.5,-0.979999999999992,99.2840909090909,97.1628787878788,-2.1212121212121127,0.2828282828282828,0.393939393939394,-0.11111111111111113,48.4125,4.023125,44.389375,94.01785714285714,3.2557142857142853,90.76214285714286,5.266233766233763,93.13975378787879,87.87352002164502
naive_dual,cifar100,vgg11,8,0.01,1,69.08999999999999,67.61,-1.4799999999999924,99.64015151515152,98.62373737373737,-1.016414141414157,0.20202020202020202,0.393939393939394,-0.19191919191919193,54.666875000000005,2.5250000000000004,52.141875000000006,88.55964285714286,1.9732142857142858,86.58642857142857,11.08050865800866,96.09873737373736,85.01822871572871
naive_dual,cifar100,vgg11,8,0.01,2,68.97,68.11,-0.8599999999999941,99.4141414141414,97.7108585858586,-1.7032828282828039,0.5858585858585859,0.27272727272727276,0.31313131313131315,50.0525,3.7318749999999996,46.320625,81.72607142857143,3.2744642857142856,78.45160714285714,17.688069985569964,93.9789835858586,76.29091360028863
single,cifar100,vgg11,8,0.01,0,68.57,67.5,-1.0699999999999932,99.99368686868686,97.1628787878788,-2.830808080808078,0.0101010101010101,0.393939393939394,-0.38383838383838387,97.67937500000001,4.023125,93.65625,98.73410714285714,3.2557142857142853,95.47839285714286,1.2595797258297292,93.13975378787879,91.88017406204906
single,cifar100,vgg11,8,0.01,1,69.05,67.61,-1.4399999999999968,99.99368686868686,98.62373737373737,-1.3699494949494961,0.0202020202020202,0.393939393939394,-0.37373737373737376,98.125,2.5250000000000004,95.6,98.50017857142858,1.9732142857142858,96.52696428571429,1.4935082972582836,96.09873737373736,94.60522907647908
single,cifar100,vgg11,8,0.01,2,68.83,68.11,-0.7199999999999984,99.99621212121212,97.7108585858586,-2.2853535353535293,0.0101010101010101,0.27272727272727276,-0.26262626262626265,98.07124999999999,3.7318749999999996,94.339375,98.38375,3.2744642857142856,95.10928571428572,1.6124621212121215,93.9789835858586,92.36652146464648
wo_invalid,cifar100,vgg11,8,0.01,0,68.93,67.5,-1.429999999999998,98.63257575757575,97.1628787878788,-1.4696969696969653,0.3434343434343434,0.393939393939394,-0.050505050505050525,3.9981250000000004,4.023125,-0.025000000000000022,57.467321428571424,3.2557142857142853,54.21160714285714,41.16525432900433,93.13975378787879,51.974499458874455
wo_invalid,cifar100,vgg11,8,0.01,1,69.1,67.61,-1.4899999999999913,98.82449494949496,98.62373737373737,-0.200757575757593,0.26262626262626265,0.393939393939394,-0.13131313131313133,3.7387499999999996,2.5250000000000004,1.2137499999999997,48.95982142857142,1.9732142857142858,46.98660714285714,49.86467352092353,96.09873737373736,46.23406385281383
wo_invalid,cifar100,vgg11,8,0.01,2,69.1,68.11,-0.9899999999999909,98.71969696969698,97.7108585858586,-1.008838383838384,0.18181818181818182,0.27272727272727276,-0.09090909090909093,4.460625,3.7318749999999996,0.7287500000000002,42.96178571428572,3.2744642857142856,39.68732142857143,55.757911255411265,93.9789835858586,38.221072330447335
full,cifar100,vgg11,8,0.05,0,68.04,67.31,-0.7299999999999973,99.78661616161617,99.75,-0.03661616161615422,0.0202020202020202,0.050505050505050504,-0.030303030303030304,1.105,1.3025,-0.19749999999999993,1.44875,1.6689285714285715,-0.2201785714285715,98.33786616161616,98.08107142857143,-0.25679473304472955
full,cifar100,vgg11,8,0.05,1,68.24,67.10000000000001,-1.1399999999999966,99.82323232323233,99.76388888888889,-0.059343434343450685,0.0101010101010101,0.050505050505050504,-0.0404040404040404,1.036875,1.183125,-0.14625000000000002,1.3705357142857142,1.5767857142857142,-0.20625000000000002,98.45269660894662,98.18710317460318,-0.2655934343434474
full,cifar100,vgg11,8,0.05,2,67.89,66.93,-0.9599999999999942,99.85732323232324,99.80303030303031,-0.054292929292931724,0.0202020202020202,0.0202020202020202,0.0,1.4200000000000002,1.675,-0.255,1.8755357142857143,2.1860714285714287,-0.31053571428571425,97.98178751803752,97.61695887445889,-0.36482864357864075
naive_dual,cifar100,vgg11,8,0.05,0,68.74,67.31,-1.429999999999998,99.9709595959596,99.75,-0.22095959595959114,0.030303030303030304,0.050505050505050504,-0.0202020202020202,50.06375,1.3025,48.76125,98.61089285714286,1.6689285714285715,96.94196428571429,1.3600667388167342,98.08107142857143,96.7210046897547
naive_dual,cifar100,vgg11,8,0.05,1,69.16,67.10000000000001,-2.059999999999995,99.96338383838383,99.76388888888889,-0.1994949494949494,0.0404040404040404,0.050505050505050504,-0.0101010101010101,49.865625,1.183125,48.6825,96.88571428571429,1.5767857142857142,95.30892857142858,3.0776695526695486,98.18710317460318,95.10943362193362
naive_dual,cifar100,vgg11,8,0.05,2,69.02000000000001,66.93,-2.090000000000003,99.97222222222223,99.80303030303031,-0.16919191919192444,0.0202020202020202,0.0202020202020202,0.0,51.04625,1.675,49.37125,96.2775,2.1860714285714287,94.09142857142858,3.6947222222222242,97.61695887445889,93.92223665223666
single,cifar100,vgg11,8,0.05,0,68.77,67.31,-1.4599999999999946,100.0,99.75,-0.24999999999999467,0.0,0.050505050505050504,-0.050505050505050504,98.855,1.3025,97.55250000000001,98.89839285714285,1.6689285714285715,97.22946428571429,1.1016071428571417,98.08107142857143,96.97946428571429
single,cifar100,vgg11,8,0.05,1,68.72,67.10000000000001,-1.6199999999999992,100.0,99.76388888888889,-0.2361111111111147,0.0,0.050505050505050504,-0.050505050505050504,98.908125,1.183125,97.72500000000001,98.94196428571429,1.5767857142857142,97.36517857142857,1.05803571428571,98.18710317460318,97.12906746031746
single,cifar100,vgg11,8,0.05,2,69.24,66.93,-2.310000000000001,100.0,99.80303030303031,-0.19696969696969546,0.0,0.0202020202020202,-0.0202020202020202,98.86749999999999,1.675,97.1925,98.82410714285714,2.1860714285714287,96.63803571428572,1.132500000000003,97.61695887445889,96.48445887445888
wo_invalid,cifar100,vgg11,8,0.05,0,69.31,67.31,-2.0000000000000018,99.91919191919193,99.75,-0.16919191919192444,0.0404040404040404,0.050505050505050504,-0.0101010101010101,1.4925000000000002,1.3025,0.19000000000000006,33.43678571428572,1.6689285714285715,31.767857142857142,66.48240620490623,98.08107142857143,31.59866522366521
wo_invalid,cifar100,vgg11,8,0.05,1,68.71000000000001,67.10000000000001,-1.6100000000000003,99.92929292929293,99.76388888888889,-0.1654040404040491,0.0101010101010101,0.050505050505050504,-0.0404040404040404,1.55,1.183125,0.366875,25.415714285714287,1.5767857142857142,23.83892857142857,74.51357864357865,98.18710317460318,23.673524531024526
wo_invalid,cifar100,vgg11,8,0.05,2,68.76,66.93,-1.8299999999999983,99.89646464646465,99.80303030303031,-0.09343434343433987,0.030303030303030304,0.0202020202020202,0.0101010101010101,1.654375,1.675,-0.020625000000000157,28.771964285714287,2.1860714285714287,26.585892857142856,71.12450036075035,97.61695887445889,26.492458513708527
full,gtsrb,resnet18,4,0.01,0,98.47189231987332,98.18685669041963,-0.2850356294536893,99.99368686868686,99.99158249158249,-0.0021043771043838255,0.0,0.0,0.0,0.5393903404592241,0.4691211401425178,0.07026920031670625,0.34441805225653205,0.11150699392979678,0.23291105832673528,99.45429652822764,99.52246135143997,0.06816482321232442
full,gtsrb,resnet18,4,0.01,1,98.72525732383215,98.65399841646872,-0.0712589073634251,99.99579124579124,99.93396633276552,-0.06182491302572091,0.0,0.04208754208754208,-0.04208754208754208,0.3315518606492478,0.36322248614410135,-0.03167062549485353,0.20651887041435738,0.12008445500131962,0.08643441541303774,99.664239385142,99.57074384662143,-0.09349553852057157
full,gtsrb,resnet18,4,0.01,2,98.36896278701505,98.40063341250989,0.03167062549485067,99.99174328812563,99.98347597485528,-0.008267313270349241,0.02463054187192118,0.016835016835016835,0.007795525036904344,0.5829374505146476,0.5314726840855106,0.05146476642913702,0.3259435207178675,0.17418844022169439,0.15175508049617312,99.408805837611,99.45200329076978,0.043197453158783095
naive_dual,gtsrb,resnet18,4,0.01,0,98.29770387965162,98.18685669041963,-0.11084718923198844,100.0,99.99158249158249,-0.008417508417513098,0.0,0.0,0.0,46.1520190023753,0.4691211401425178,45.68289786223278,90.98772763262075,0.11150699392979678,90.87622063869094,9.012272367379259,99.52246135143997,90.51018898406072
naive_dual,gtsrb,resnet18,4,0.01,1,98.66191607284243,98.65399841646872,-0.007917656373712667,100.0,99.93396633276552,-0.06603366723447746,0.0,0.04208754208754208,-0.04208754208754208,43.44615993665875,0.36322248614410135,43.08293745051465,87.025600422275,0.12008445500131962,86.90551596727369,12.974399577724993,99.57074384662143,86.59634426889643
naive_dual,gtsrb,resnet18,4,0.01,2,98.51148060174188,98.40063341250989,-0.11084718923198844,99.98332047901013,99.98347597485528,0.00015549584515550663,0.0,0.016835016835016835,-0.016835016835016835,48.25217735550277,0.5314726840855106,47.720704671417266,95.90789126418579,0.17418844022169439,95.73370282396411,4.075429214824333,99.45200329076978,95.37657407594544
single,gtsrb,resnet18,4,0.01,0,98.43230403800474,98.18685669041963,-0.24544734758511488,100.0,99.99158249158249,-0.008417508417513098,0.0,0.0,0.0,96.07878068091846,0.4691211401425178,95.60965954077594,94.66217999472157,0.11150699392979678,94.55067300079176,3.921219319081548,99.52246135143997,95.60124203235843
single,gtsrb,resnet18,4,0.01,1,98.61441013460016,98.65399841646872,0.039588281868563335,100.0,99.93396633276552,-0.06603366723447746,0.0,0.04208754208754208,-0.04208754208754208,96.06690419635788,0.36322248614410135,95.70368171021379,94.3639482713117,0.12008445500131962,94.24386381631037,3.933095803642117,99.57074384662143,95.63764804297931
single,gtsrb,resnet18,4,0.01,2,98.28978622327791,98.40063341250989,0.11084718923198844,100.0,99.98347597485528,-0.016524025144715182,0.0,0.016835016835016835,-0.016835016835016835,96.06096595407759,0.5314726840855106,95.52949326999209,94.18975983108999,0.17418844022169439,94.0155713908683,3.939034045922407,99.45200329076978,95.51296924484737
wo_invalid,gtsrb,resnet18,4,0.01,0,98.61441013460016,98.18685669041963,-0.42755344418052843,100.0,99.99158249158249,-0.008417508417513098,0.0,0.0,0.0,0.25435471100554236,0.4691211401425178,-0.21476642913697547,52.8424386381631,0.11150699392979678,52.7309316442333,47.1575613618369,99.52246135143997,52.364899989603074
wo_invalid,gtsrb,resnet18,4,0.01,1,98.68566904196358,98.65399841646872,-0.03167062549485067,100.0,99.93396633276552,-0.06603366723447746,0.0,0.04208754208754208,-0.04208754208754208,0.2513855898653999,0.36322248614410135,-0.11183689627870148,33.184877276326205,0.12008445500131962,33.06479282132489,66.8151227236738,99.57074384662143,32.75562112294763
wo_invalid,gtsrb,resnet18,4,0.01,2,98.46397466349961,98.40063341250989,-0.06334125098971244,99.99794745484401,99.98347597485528,-0.014471479988720226,0.0,0.016835016835016835,-0.016835016835016835,0.20288994457640538,0.5314726840855106,-0.32858273950910527,26.75640010556875,0.17418844022169439,26.582211665347057,73.24154734927527,99.45200329076978,26.210455941494516
full,gtsrb,resnet18,4,0.05,0,98.64608076009502,98.62232779097387,-0.023752969121138,100.0,100.0,0.0,0.0,0.0,0.0,0.0613618368962787,0.02573238321456849,0.03562945368171021,0.052784375824755876,0.021773555027711798,0.03101082079704408,99.93863816310372,99.97426761678543,0.035629453681707
full,gtsrb,resnet18,4,0.05,1,98.93111638954869,98.79651623119557,-0.13460015835312644,100.0,100.0,0.0,0.0,0.0,0.0,0.05146476642913698,0.020783847980997625,0.03068091844813935,0.043547110055423596,0.021773555027711798,0.021773555027711798,99.94853523357087,99.97822644497228,0.02969121140141695
full,gtsrb,resnet18,4,0.05,2,98.66983372921615,98.78068091844814,0.11084718923198844,100.0,99.99579124579124,-0.004208754208756549,0.0,0.0,0.0,0.060372129849564526,0.0395882818685669,0.020783847980997628,0.09897070467141725,0.04024808656637635,0.0587226181050409,99.90102929532858,99.95554315922487,0.05451386389628832
naive_dual,gtsrb,resnet18,4,0.05,0,98.36896278701505,98.62232779097387,0.25336500395882755,99.99584307773964,100.0,0.004156922260367679,0.0,0.0,0.0,48.222486144101346,0.02573238321456849,48.19675376088678,96.07944048561625,0.021773555027711798,96.05766693058854,3.9164025921233803,99.97426761678543,96.05786502466205
naive_dual,gtsrb,resnet18,4,0.05,1,98.82818685669041,98.79651623119557,-0.03167062549485067,100.0,100.0,0.0,0.0,0.0,0.0,48.690617577197145,0.020783847980997625,48.66983372921615,96.08405911850092,0.021773555027711798,96.06228556347321,3.9159408814990804,99.97822644497228,96.06228556347321
naive_dual,gtsrb,resnet18,4,0.05,2,98.60649247822644,98.78068091844814,0.17418844022168978,99.99789562289563,99.99579124579124,-0.0021043771043838255,0.0,0.0,0.0,49.707046714172606,0.0395882818685669,49.66745843230404,94.48667194510425,0.04024808656637635,94.44642385853787,5.511223677791377,99.95554315922487,94.4443194814335
single,gtsrb,resnet18,4,0.05,0,98.14726840855107,98.62232779097387,0.47505938242280443,100.0,100.0,0.0,0.0,0.0,0.0,96.05700712589073,0.02573238321456849,96.03127474267616,96.0477698601214,0.021773555027711798,96.02599630509368,3.9429928741092635,99.97426761678543,96.03127474267616
single,gtsrb,resnet18,4,0.05,1,98.55898653998416,98.79651623119557,0.23752969121140222,100.0,100.0,0.0,0.0,0.0,0.0,96.07878068091846,0.020783847980997625,96.05799683293745,93.6388229084191,0.021773555027711798,93.6170493533914,3.921219319081548,99.97822644497228,96.05700712589073
single,gtsrb,resnet18,4,0.05,2,97.94140934283452,98.78068091844814,0.8392715756136204,100.0,99.99579124579124,-0.004208754208756549,0.0,0.0,0.0,96.0124703087886,0.0395882818685669,95.97288202692003,94.17524412773818,0.04024808656637635,94.13499604117182,3.9875296912114,99.95554315922487,95.96801346801347
wo_invalid,gtsrb,resnet18,4,0.05,0,98.62232779097387,98.62232779097387,0.0,100.0,100.0,0.0,0.0,0.0,0.0,0.057403008709422006,0.02573238321456849,0.03167062549485352,64.75389284771708,0.021773555027711798,64.73211929268936,35.246107152282924,99.97426761678543,64.72816046450251
wo_invalid,gtsrb,resnet18,4,0.05,1,98.65399841646872,98.79651623119557,0.1425178147268391,100.0,100.0,0.0,0.0,0.0,0.0,0.043547110055423596,0.020783847980997625,0.022763262074425968,33.320137239377146,0.021773555027711798,33.29836368434943,66.67986276062285,99.97822644497228,33.29836368434943
wo_invalid,gtsrb,resnet18,4,0.05,2,98.9944576405384,98.78068091844814,-0.21377672209026422,100.0,99.99579124579124,-0.004208754208756549,0.0,0.0,0.0,0.03068091844813935,0.0395882818685669,-0.008907363420427552,30.583927157561362,0.04024808656637635,30.54367907099499,69.41607284243864,99.95554315922487,30.539470316786232
full,gtsrb,resnet18,8,0.01,0,98.61441013460016,98.63024544734759,0.015835312747425334,97.81513590362013,98.97970350547483,1.1645676018546935,0.9857978279030911,0.7936507936507936,0.1921470342522975,0.5883808392715757,0.6106492478226445,-0.02226840855106887,0.471807487840742,0.4221807487840742,0.049626739056667785,96.82933807571705,98.18605271182403,1.3567146361069926
full,gtsrb,resnet18,8,0.01,1,98.5193982581156,98.31353919239905,-0.20585906571655155,98.30388699956562,98.84172695451166,0.5378399549460289,0.24166666666666667,0.075,0.16666666666666669,0.5017814726840856,0.33353127474267613,0.16825019794140939,0.2885702974776609,0.2324397692568714,0.05613052822078948,97.80210552688155,98.50819567976899,0.7060901528874397
full,gtsrb,resnet18,8,0.01,2,98.11559778305622,98.24228028503563,0.12668250197941378,98.22027658256545,98.98191818708646,0.7616416045210128,1.4532019704433499,0.08210180623973727,1.3711001642036125,0.34441805225653205,0.5111836896278701,-0.16676563737133807,0.22791539418617804,0.34074199751159373,-0.11282660332541569,96.7670746121221,98.4707344974586,1.7036598853364948
naive_dual,gtsrb,resnet18,8,0.01,0,98.25019794140934,98.63024544734759,0.3800475059382413,99.9007868264986,98.97970350547483,-0.9210833210237745,0.0,0.7936507936507936,-0.7936507936507936,48.104216152019,0.6106492478226445,47.49356690419636,95.90727858839497,0.4221807487840742,95.4850978396109,3.993508238103627,98.18605271182403,94.1925444737204
naive_dual,gtsrb,resnet18,8,0.01,1,98.66191607284243,98.31353919239905,-0.34837688044339066,99.96364371736523,98.84172695451166,-1.1219167628535698,0.050505050505050504,0.075,-0.024494949494949497,48.04384402216944,0.33353127474267613,47.710312747426755,95.46021377672209,0.2324397692568714,95.22777400746521,4.503429940643134,98.50819567976899,94.00476573912584
naive_dual,gtsrb,resnet18,8,0.01,2,98.30562153602533,98.24228028503563,-0.06334125098970134,99.99895833333333,98.98191818708646,-1.0170401462468726,0.0,0.08210180623973727,-0.08210180623973727,48.15766033254157,0.5111836896278701,47.6464766429137,95.93400067865626,0.34074199751159373,95.59325868114466,4.0649576546770705,98.4707344974586,94.40577684278152
single,gtsrb,resnet18,8,0.01,0,98.50356294536817,98.63024544734759,0.12668250197941378,100.0,98.97970350547483,-1.0202964945251747,0.0,0.7936507936507936,-0.7936507936507936,96.1728028503563,0.6106492478226445,95.56215360253366,94.8549372242959,0.4221807487840742,94.43275647551182,3.827197149643702,98.18605271182403,94.35885556218034
single,gtsrb,resnet18,8,0.01,1,98.54315122723673,98.31353919239905,-0.22961203483768955,100.0,98.84172695451166,-1.158273045488345,0.0,0.075,-0.075,96.17824623911322,0.33353127474267613,95.84471496437055,94.40151001017985,0.2324397692568714,94.16907024092296,3.8217537608867813,98.50819567976899,94.6864419188822
single,gtsrb,resnet18,8,0.01,2,98.36104513064133,98.24228028503563,-0.11876484560570111,100.0,98.98191818708646,-1.0180818129135405,0.0,0.08210180623973727,-0.08210180623973727,96.17428741092637,0.5111836896278701,95.6631037212985,94.8334464427101,0.34074199751159373,94.49270444519851,3.8257125890736376,98.4707344974586,94.64502190838495
wo_invalid,gtsrb,resnet18,8,0.01,0,98.46397466349961,98.63024544734759,0.1662707838479771,99.86684857749965,98.97970350547483,-0.8871450720248308,0.08333333333333334,0.7936507936507936,-0.7103174603174602,0.9951504354711005,0.6106492478226445,0.384501187648456,35.788372356068315,0.4221807487840742,35.36619160728424,64.07847622143134,98.18605271182403,34.10757649039269
wo_invalid,gtsrb,resnet18,8,0.01,1,98.59065716547903,98.31353919239905,-0.27711797307997665,99.95933291245791,98.84172695451166,-1.117605957946255,0.2916666666666667,0.075,0.21666666666666665,1.0134600158353129,0.33353127474267613,0.6799287410926367,32.926987897296684,0.2324397692568714,32.69454812803981,67.03234501516123,98.50819567976899,31.475850664607762
wo_invalid,gtsrb,resnet18,8,0.01,2,98.53523357086303,98.24228028503563,-0.2929532858273909,99.79457455449116,98.98191818708646,-0.8126563674047071,0.05012531328320802,0.08210180623973727,-0.031976492956529254,1.07680126682502,0.5111836896278701,0.5656175771971498,33.6111582400181,0.34074199751159373,33.2704162425065,66.18341631447306,98.4707344974586,32.28731818298552
full,gtsrb,resnet18,8,0.05,0,98.65399841646872,98.5827395091053,-0.0712589073634251,100.0,100.0,0.0,0.0,0.0,0.0,0.058887569279493276,0.10144497228820269,-0.04255740300870942,0.07239000113109376,0.13629679900463748,-0.06390679787354372,99.9276099988689,99.86370320099536,-0.06390679787354747
full,gtsrb,resnet18,8,0.05,1,98.55898653998416,98.77276326207442,0.21377672209026422,99.99793206075533,100.0,0.0020679392446654177,0.0,0.0,0.0,0.07472288202692003,0.06631037212984955,0.008412509897070469,0.09812238434566226,0.09741545074086642,0.0007069336047958296,99.89980967640967,99.90258454925913,0.00277487284946476
full,gtsrb,resnet18,8,0.05,2,98.5193982581156,98.86777513855898,0.34837688044339066,100.0,100.0,0.0,0.0,0.0,0.0,0.06334125098970705,0.06730007917656375,-0.003958828186856691,0.07691437620178712,0.08610451306413301,-0.009190136862345894,99.92308562379822,99.91389548693587,-0.009190136862347043
naive_dual,gtsrb,resnet18,8,0.05,0,98.53523357086303,98.5827395091053,0.047505938242276,100.0,100.0,0.0,0.0,0.0,0.0,48.30512668250198,0.10144497228820269,48.20368171021378,96.09532292727067,0.13629679900463748,95.95902612826602,3.9046770727293345,99.86370320099536,95.95902612826602
naive_dual,gtsrb,resnet18,8,0.05,1,98.20269200316706,98.77276326207442,0.5700712589073675,99.99895572263993,100.0,0.0010442773600627397,0.0,0.0,0.0,48.45754156769596,0.06631037212984955,48.39123119556611,96.13279040832485,0.09741545074086642,96.03537495758398,3.8661653143150843,99.90258454925913,96.03641923494405
naive_dual,gtsrb,resnet18,8,0.05,2,98.32937450514648,98.86777513855898,0.5384006334125169,100.0,100.0,0.0,0.0,0.0,0.0,58.420922406967534,0.06730007917656375,58.353622327790966,90.96581269087207,0.08610451306413301,90.87970817780794,9.034187309127928,99.91389548693587,90.87970817780794
single,gtsrb,resnet18,8,0.05,0,98.29770387965162,98.5827395091053,0.2850356294536782,100.0,100.0,0.0,0.0,0.0,0.0,96.173792557403,0.10144497228820269,96.0723475851148,95.29563963352562,0.13629679900463748,95.15934283452097,3.826207442596996,99.86370320099536,96.03749575839836
single,gtsrb,resnet18,8,0.05,1,98.62232779097387,98.77276326207442,0.15043547110055178,100.0,100.0,0.0,0.0,0.0,0.0,96.17478226444972,0.06631037212984955,96.10847189231987,95.26608980884515,0.09741545074086642,95.16867435810428,3.825217735550279,99.90258454925913,96.07736681370885
single,gtsrb,resnet18,8,0.05,2,98.66983372921615,98.86777513855898,0.19794140934283888,100.0,100.0,0.0,0.0,0.0,0.0,96.173792557403,0.06730007917656375,96.10649247822643,94.77929532858273,0.08610451306413301,94.6931908155186,3.826207442596996,99.91389548693587,96.08768804433888
wo_invalid,gtsrb,resnet18,8,0.05,0,98.36896278701505,98.5827395091053,0.2137767220902531,100.0,100.0,0.0,0.0,0.0,0.0,0.1707244655581948,0.10144497228820269,0.06927949326999208,32.96403121818799,0.13629679900463748,32.82773441918335,67.03596878181202,99.86370320099536,32.827734419183344
wo_invalid,gtsrb,resnet18,8,0.05,1,98.85193982581157,98.77276326207442,-0.07917656373713777,100.0,100.0,0.0,0.0,0.0,0.0,0.11480601741884401,0.06631037212984955,0.04849564528899446,32.30912792670512,0.09741545074086642,32.211712475964255,67.69087207329487,99.90258454925913,32.21171247596426
wo_invalid,gtsrb,resnet18,8,0.05,2,98.5827395091053,98.86777513855898,0.2850356294536893,100.0,100.0,0.0,0.0,0.0,0.0,0.20239509105304831,0.06730007917656375,0.13509501187648457,33.898456057007124,0.08610451306413301,33.812351543942995,66.10154394299288,99.91389548693587,33.81235154394299
full,gtsrb,vgg11,4,0.01,0,96.84877276326208,96.62707838479811,-0.22169437846396578,99.74459785731227,99.48556632202656,-0.2590315352857031,0.015910898965791568,0.0477326968973747,-0.03182179793158313,0.8382818685669042,1.0302850356294535,-0.19200316706254936,0.3846661388229084,0.5106888361045131,-0.12602269728160467,98.90631598874536,98.45528128639711,-0.45103470234825194
full,gtsrb,vgg11,4,0.01,1,96.95961995249405,96.72209026128266,-0.23752969121140222,99.13422913087632,99.05326475083926,-0.08096438003705186,0.1431980906921241,0.13524264120922833,0.00795544948289579,1.036223277909739,1.5756136183689626,-0.5393903404592238,0.4922143045658485,0.40446027975719184,0.08775402480865666,98.09800585296658,97.4776511324703,-0.6203547204962745
full,gtsrb,vgg11,4,0.01,2,97.07838479809976,97.21298495645289,0.13460015835312644,99.07738080163043,99.0401753952132,-0.03720540641721781,0.008417508417508417,0.016835016835016835,-0.008417508417508417,1.5043547110055424,0.9610055423594616,0.5433491686460808,0.41303774082871475,0.33320137239377146,0.0798363684349433,97.57302609062488,98.07916985285374,0.5061437622288611
naive_dual,gtsrb,vgg11,4,0.01,0,96.14410134600159,96.62707838479811,0.4829770387965171,99.84339810538577,99.48556632202656,-0.3578317833592082,0.0,0.0477326968973747,-0.0477326968973747,48.13341250989707,1.0302850356294535,47.10312747426762,95.8452098178939,0.5106888361045131,95.3345209817894,3.998188287491866,98.45528128639711,94.45709299890524
naive_dual,gtsrb,vgg11,4,0.01,1,96.88836104513065,96.72209026128266,-0.1662707838479882,99.75731376808609,99.05326475083926,-0.7040490172468328,0.0,0.13524264120922833,-0.13524264120922833,48.406571654790184,1.5756136183689626,46.830958036421215,95.61823700184745,0.40446027975719184,95.21377672209026,4.139076766238647,97.4776511324703,93.33857436623165
naive_dual,gtsrb,vgg11,4,0.01,2,96.66666666666667,97.21298495645289,0.5463182897862184,99.96879429084751,99.0401753952132,-0.9286188956343033,0.0,0.016835016835016835,-0.016835016835016835,48.195764053840065,0.9610055423594616,47.2347585114806,95.95539720242809,0.33320137239377146,95.6221958300343,4.013397088419424,98.07916985285374,94.06577276443431
single,gtsrb,vgg11,4,0.01,0,96.55581947743468,96.62707838479811,0.0712589073634251,100.0,99.48556632202656,-0.514433677973436,0.0,0.0477326968973747,-0.0477326968973747,96.05799683293745,1.0302850356294535,95.027711797308,94.67999472156242,0.5106888361045131,94.16930588545792,3.9420031670625466,98.45528128639711,94.51327811933456
single,gtsrb,vgg11,4,0.01,1,96.6825019794141,96.72209026128266,0.039588281868563335,100.0,99.05326475083926,-0.946735249160735,0.0,0.13524264120922833,-0.13524264120922833,95.93032462391132,1.5756136183689626,94.35471100554236,94.55067300079176,0.40446027975719184,94.14621272103457,4.069675376088677,97.4776511324703,93.40797575638162
single,gtsrb,vgg11,4,0.01,2,97.18923198733175,97.21298495645289,0.023752969121138,100.0,99.0401753952132,-0.9598246047867964,0.0,0.016835016835016835,-0.016835016835016835,96.0480997624703,0.9610055423594616,95.08709422011084,93.97730271839535,0.33320137239377146,93.64410134600158,3.951900237529693,98.07916985285374,94.12726961532405
wo_invalid,gtsrb,vgg11,4,0.01,0,96.96753760886777,96.62707838479811,-0.3404592240696669,99.7001710181799,99.48556632202656,-0.2146046961533421,0.0,0.0477326968973747,-0.0477326968973747,1.5221694378463975,1.0302850356294535,0.49188440221694385,32.789654262338345,0.5106888361045131,32.27896542623384,66.91051675584157,98.45528128639711,31.544764530555547
wo_invalid,gtsrb,vgg11,4,0.01,1,97.01504354711005,96.72209026128266,-0.292953285827402,99.58739369747526,99.05326475083926,-0.5341289466360033,0.0,0.13524264120922833,-0.13524264120922833,1.583531274742676,1.5756136183689626,0.007917656373713361,15.703351807864872,0.40446027975719184,15.29889152810768,83.8840418896104,97.4776511324703,13.593609242859905
wo_invalid,gtsrb,vgg11,4,0.01,2,97.09422011084719,97.21298495645289,0.11876484560570111,99.76560173361918,99.0401753952132,-0.7254263384059767,0.0,0.016835016835016835,-0.016835016835016835,1.232185273159145,0.9610055423594616,0.2711797307996833,18.870414357350224,0.33320137239377146,18.537212984956454,80.89518737626895,98.07916985285374,17.18398247658479
full,gtsrb,vgg11,4,0.05,0,96.84877276326208,97.11005542359462,0.2612826603325513,100.0,99.995894909688,-0.004105090311989912,0.0,0.016420361247947456,-0.016420361247947456,0.2246634996041172,0.16330166270783847,0.0613618368962787,0.2903140670361573,0.15901293217207707,0.1313011348640802,99.70968593296384,99.83259324698017,0.12290731401632948
full,gtsrb,vgg11,4,0.05,1,96.99920823436263,97.06254948535233,0.06334125098970134,100.0,100.0,0.0,0.0,0.0,0.0,0.1623119556611243,0.09699129057798891,0.0653206650831354,0.23357086302454474,0.1623119556611243,0.07125890736342044,99.76642913697546,99.83768804433888,0.0712589073634251
full,gtsrb,vgg11,4,0.05,2,96.88836104513065,97.20506730007918,0.3167062549485289,100.0,100.0,0.0,0.0,0.0,0.0,0.16528107680126683,0.19893111638954872,-0.033650039588281895,0.25006598046978096,0.2566640274478754,-0.006598046978094482,99.74993401953022,99.74333597255213,-0.0065980469780901885
naive_dual,gtsrb,vgg11,4,0.05,0,96.64291369754552,97.11005542359462,0.46714172604909177,100.0,99.995894909688,-0.004105090311989912,0.0,0.016420361247947456,-0.016420361247947456,48.61539984164687,0.16330166270783847,48.45209817893903,96.03127474267616,0.15901293217207707,95.87226181050409,3.968725257323835,99.83259324698017,95.86386798965634
naive_dual,gtsrb,vgg11,4,0.05,1,96.64291369754552,97.06254948535233,0.41963578780680466,100.0,100.0,0.0,0.0,0.0,0.0,48.2333729216152,0.09699129057798891,48.13638163103721,96.07878068091846,0.1623119556611243,95.91646872525733,3.921219319081548,99.83768804433888,95.91646872525733
naive_dual,gtsrb,vgg11,4,0.05,2,96.79334916864607,97.20506730007918,0.411718131433092,100.0,100.0,0.0,0.0,0.0,0.0,49.556611243072055,0.19893111638954872,49.3576801266825,96.08603853259436,0.2566640274478754,95.82937450514648,3.9139614674056467,99.74333597255213,95.82937450514648
single,gtsrb,vgg11,4,0.05,0,96.93586698337292,97.11005542359462,0.17418844022170088,100.0,99.995894909688,-0.004105090311989912,0.0,0.016420361247947456,-0.016420361247947456,96.07680126682502,0.16330166270783847,95.91349960411718,95.46978094484034,0.15901293217207707,95.31076801266826,3.923198733174982,99.83259324698017,95.9093945138052
single,gtsrb,vgg11,4,0.05,1,96.35787806809184,97.06254948535233,0.704671417260494,100.0,100.0,0.0,0.0,0.0,0.0,95.97980997624703,0.09699129057798891,95.88281868566905,94.9716283979942,0.1623119556611243,94.80931644233307,4.020190023752967,99.83768804433888,95.81749802058592
single,gtsrb,vgg11,4,0.05,2,96.47664291369755,97.20506730007918,0.728424386381632,100.0,100.0,0.0,0.0,0.0,0.0,96.05700712589073,0.19893111638954872,95.85807600950119,94.4695170229612,0.2566640274478754,94.21285299551333,3.9429928741092635,99.74333597255213,95.80034309844287
wo_invalid,gtsrb,vgg11,4,0.05,0,96.94378463974664,97.11005542359462,0.1662707838479882,100.0,99.995894909688,-0.004105090311989912,0.0,0.016420361247947456,-0.016420361247947456,0.24940617577197147,0.16330166270783847,0.086104513064133,10.415017154922143,0.15901293217207707,10.256004222750066,89.58498284507786,99.83259324698017,10.247610401902318
wo_invalid,gtsrb,vgg11,4,0.05,1,96.73000791765637,97.06254948535233,0.3325415676959653,100.0,100.0,0.0,0.0,0.0,0.0,0.24346793349168647,0.09699129057798891,0.14647664291369755,12.672868830826076,0.1623119556611243,12.510556875164951,87.32713116917392,99.83768804433888,12.510556875164959
wo_invalid,gtsrb,vgg11,4,0.05,2,97.21298495645289,97.20506730007918,-0.007917656373712667,100.0,100.0,0.0,0.0,0.0,0.0,0.34441805225653205,0.19893111638954872,0.14548693586698336,18.68500923726577,0.2566640274478754,18.428345209817895,81.31499076273423,99.74333597255213,18.4283452098179
full,gtsrb,vgg11,8,0.01,0,97.05463182897861,96.12034837688044,-0.9342834520981835,94.56789584277216,95.94806925788622,1.380173415114061,0.6734006734006733,2.0486985726280436,-1.3752978992273703,1.8898456057007125,2.9047901821060966,-1.0149445764053842,2.317328356520756,3.075443954303812,-0.7581155977830563,92.2505674862514,92.8726253035824,0.622057817331001
full,gtsrb,vgg11,8,0.01,1,96.82501979414093,97.19714964370546,0.37212984956452866,93.73304485659821,93.55174283747154,-0.18130201912667232,0.8838383838383838,1.1363636363636365,-0.2525252525252526,2.4539786223277913,3.2026920031670625,-0.7487133808392714,2.2498868906232325,2.630641330166271,-0.3807544395430382,91.27906623427042,90.34905083430448,-0.9300153999659444
full,gtsrb,vgg11,8,0.01,2,97.11005542359462,97.20506730007918,0.095011876484552,91.7350570242709,95.42760928220532,3.6925522579344228,4.039408866995074,1.3711001642036125,2.6683087027914616,2.4183491686460807,2.3406571654790183,0.07769200316706248,2.174386381631037,2.049400520303133,0.12498586132790417,87.69564815727583,93.08695211672631,5.391303959450477
naive_dual,gtsrb,vgg11,8,0.01,0,96.53206650831353,96.12034837688044,-0.4117181314331031,99.67904806160138,95.94806925788622,-3.730978803715157,0.04166666666666667,2.0486985726280436,-2.007031905961377,48.2368368962787,2.9047901821060966,45.332046714172606,95.27669381291709,3.075443954303812,92.20124985861328,4.402354248684281,92.8726253035824,88.47027105489812
naive_dual,gtsrb,vgg11,8,0.01,1,96.97545526524148,97.19714964370546,0.22169437846397688,99.42816391644482,93.55174283747154,-5.876421078973282,0.031821797931583136,1.1363636363636365,-1.1045418384320533,54.32699920823436,3.2026920031670625,51.124307205067296,91.27954982468046,2.630641330166271,88.64890849451419,8.148614091764362,90.34905083430448,82.20043674254012
naive_dual,gtsrb,vgg11,8,0.01,2,96.62707838479811,97.20506730007918,0.5779889152810691,99.48548267523765,95.42760928220532,-4.0578733930323185,0.48454469507101083,1.3711001642036125,-0.8865554691326015,48.59560570071259,2.3406571654790183,46.254948535233574,94.41253817441466,2.049400520303133,92.36313765411153,5.0729445008229845,93.08695211672631,88.01400761590332
single,gtsrb,vgg11,8,0.01,0,96.8091844813935,96.12034837688044,-0.6888361045130686,100.0,95.94806925788622,-4.051930742113785,0.0,2.0486985726280436,-2.0486985726280436,95.73485748218528,2.9047901821060966,92.83006730007918,95.28107680126683,3.075443954303812,92.20563284696301,4.2651425178147235,92.8726253035824,88.60748278576767
single,gtsrb,vgg11,8,0.01,1,96.60332541567695,97.19714964370546,0.5938242280285055,100.0,93.55174283747154,-6.448257162528459,0.0,1.1363636363636365,-1.1363636363636365,95.79028107680126,3.2026920031670625,92.5875890736342,94.7770331410474,2.630641330166271,92.14639181088113,4.209718923198736,90.34905083430448,86.13933191110574
single,gtsrb,vgg11,8,0.01,2,96.91211401425178,97.20506730007918,0.2929532858273909,100.0,95.42760928220532,-4.572390717794672,0.0,1.3711001642036125,-1.3711001642036125,95.7714766429137,2.3406571654790183,93.43081947743468,95.58816875919014,2.049400520303133,93.538768238887,4.2285233570863,93.08695211672631,88.85842875964
wo_invalid,gtsrb,vgg11,8,0.01,0,96.65874901029295,96.12034837688044,-0.5384006334125169,98.5023198912416,95.94806925788622,-2.5542506333553816,0.22727272727272727,2.0486985726280436,-1.8214258453553165,3.0181116389548692,2.9047901821060966,0.11332145684877261,30.756701730573464,3.075443954303812,27.681257776269653,67.74561816066813,92.8726253035824,25.12700714291427
wo_invalid,gtsrb,vgg11,8,0.01,1,95.90657165479018,97.19714964370546,1.2905779889152758,97.97541061882885,93.55174283747154,-4.4236677813573095,0.13524264120922833,1.1363636363636365,-1.0011209951544082,3.0557205067300077,3.2026920031670625,-0.14697149643705457,32.72720846058138,2.630641330166271,30.09656713041511,65.24820215824747,90.34905083430448,25.10084867605701
wo_invalid,gtsrb,vgg11,8,0.01,2,96.42121931908156,97.20506730007918,0.7838479809976207,98.64700005647846,95.42760928220532,-3.2193907742731342,0.24227234753550542,1.3711001642036125,-1.1288278166681072,2.7340657165479016,2.3406571654790183,0.3934085510688835,31.10932021264563,2.049400520303133,29.059919692342497,67.53767984383283,93.08695211672631,25.549272272893475
full,gtsrb,vgg11,8,0.05,0,97.11797307996834,97.55344418052256,0.43547110055423,99.97082550125313,99.97720001869558,0.006374517442453431,0.0,0.03284072249589491,-0.03284072249589491,0.28800475059382424,0.27216943784639747,0.015835312747426764,0.3666157674471214,0.4026693812917091,-0.036053613844587704,99.60420973380602,99.57453063740388,-0.029679096402135396
full,gtsrb,vgg11,8,0.05,1,97.23673792557403,97.17339667458432,-0.06334125098971244,99.92630760033458,99.97711502521223,0.05080742487764134,0.02506265664160401,0.008210180623973728,0.01685247601763028,0.3572842438638163,0.34491290577988915,0.01237133808392717,0.47307996832937455,0.5012159258002489,-0.02813595747087434,99.45322763200521,99.47589909941198,0.022671467406765178
full,gtsrb,vgg11,8,0.05,2,97.48218527315915,97.46634996041172,-0.015835312747436436,99.96479477043508,99.95636759294297,-0.008427177492098537,0.05012531328320802,0.03341687552213868,0.01670843776106934,0.37015043547110055,0.3508511480601742,0.01929928741092636,0.5340176450627757,0.4983881913810655,0.03562945368171021,99.43077712537229,99.45797940156191,0.027202276189619568
naive_dual,gtsrb,vgg11,8,0.05,0,96.95170229612035,97.55344418052256,0.6017418844022182,99.99791666666667,99.97720001869558,-0.020716647971075197,0.0,0.03284072249589491,-0.03284072249589491,48.75148456057007,0.27216943784639747,48.47931512272367,96.13830449044227,0.4026693812917091,95.73563510915055,3.859612176224403,99.57453063740388,95.71491846117948
naive_dual,gtsrb,vgg11,8,0.05,1,96.53206650831353,97.17339667458432,0.6413301662707815,100.0,99.97711502521223,-0.022884974787773515,0.0,0.008210180623973728,-0.008210180623973728,49.30473079968329,0.34491290577988915,48.959817893903406,96.12840741997512,0.5012159258002489,95.62719149417487,3.871592580024885,99.47589909941198,95.6043065193871
naive_dual,gtsrb,vgg11,8,0.05,2,96.26286619160729,97.46634996041172,1.2034837688044253,100.0,99.95636759294297,-0.04363240705702598,0.0,0.03341687552213868,-0.03341687552213868,51.072347585114805,0.3508511480601742,50.72149643705464,96.12444859178825,0.4983881913810655,95.6260604004072,3.8755514082117415,99.45797940156191,95.58242799335017
single,gtsrb,vgg11,8,0.05,0,96.55581947743468,97.55344418052256,0.9976247030878849,100.0,99.97720001869558,-0.022799981304411077,0.0,0.03284072249589491,-0.03284072249589491,96.17181314330958,0.27216943784639747,95.89964370546319,95.18549937789842,0.4026693812917091,94.78282999660672,3.8281868566904187,99.57453063740388,95.74634378071346
single,gtsrb,vgg11,8,0.05,1,96.18368962787015,97.17339667458432,0.9897070467141722,100.0,99.97711502521223,-0.022884974787773515,0.0,0.008210180623973728,-0.008210180623973728,96.1520190023753,0.34491290577988915,95.8071060965954,95.57162651283791,0.5012159258002489,95.07041058703767,3.8479809976247004,99.47589909941198,95.62791810178727
single,gtsrb,vgg11,8,0.05,2,96.22327790973871,97.46634996041172,1.2430720506729998,100.0,99.95636759294297,-0.04363240705702598,0.0,0.03341687552213868,-0.03341687552213868,96.15300870942201,0.3508511480601742,95.80215756136184,95.03718470761227,0.4983881913810655,94.5387965162312,3.8469912905779835,99.45797940156191,95.61098811098393
wo_invalid,gtsrb,vgg11,8,0.05,0,96.8091844813935,97.55344418052256,0.7442596991290573,99.99583333333332,99.97720001869558,-0.018633314637739318,0.0,0.03284072249589491,-0.03284072249589491,0.7754354711005542,0.27216943784639747,0.5032660332541568,25.584775477887117,0.4026693812917091,25.182106096595408,74.41105785544622,99.57453063740388,25.163472781957662
wo_invalid,gtsrb,vgg11,8,0.05,1,96.8646080760095,97.17339667458432,0.3087885985748162,99.99164578111946,99.97711502521223,-0.01453075590723829,0.0,0.008210180623973728,-0.008210180623973728,0.7289192399049882,0.34491290577988915,0.384006334125099,26.310654903291482,0.5012159258002489,25.809438977491233,73.68099087782798,99.47589909941198,25.794908221584002
wo_invalid,gtsrb,vgg11,8,0.05,2,96.99920823436263,97.46634996041172,0.46714172604908066,100.0,99.95636759294297,-0.04363240705702598,0.0,0.03341687552213868,-0.03341687552213868,0.8120546318289786,0.3508511480601742,0.4612034837688045,27.4452833389888,0.4983881913810655,26.946895147607737,72.5547166610112,99.45797940156191,26.903262740550716
