run_name,dataset,model,kc,seed,category,num_pairs,total_pair_sample_instances,pooled_prediction_change_rate,pooled_raw_target_rate,pooled_target_leakage_rate,mean_pair_target_leakage,std_pair_target_leakage,median_pair_target_leakage,p95_pair_target_leakage,max_pair_target_leakage,mean_pair_prediction_change,std_pair_prediction_change,max_pair_prediction_change,mean_pair_raw_target_rate,std_pair_raw_target_rate,max_pair_raw_target_rate,worst_pair_id,worst_pair_p1,worst_pair_p2,worst_target,worst_target_changed_rate
cifar100_resnet18_full_dyn_pr0.05_kc4_seed0,cifar100,resnet18,4,0,seen_p1_unseen_p2,12,120000,0.147825,0.042825,0.00875,0.008749999999999999,0.006253653477622646,0.007,0.018394999999999988,0.0278,0.14782499999999998,0.015411573278192302,0.1836,0.042825,0.006298647040869535,0.0621,seen_p1_unseen_p2_10,y18_x2,y10_x10,3,0.0033583333333333334
cifar100_resnet18_full_dyn_pr0.05_kc4_seed0,cifar100,resnet18,4,0,unseen_p1_seen_p2,12,120000,0.161225,0.041416666666666664,0.007966666666666667,0.007966666666666667,0.0030085736074617073,0.007350000000000001,0.012604999999999996,0.0153,0.161225,0.0080433060819089,0.1744,0.041416666666666664,0.0034982679697071217,0.0508,unseen_p1_seen_p2_03,y18_x18,y10_x26,2,0.003325
cifar100_resnet18_full_dyn_pr0.05_kc4_seed0,cifar100,resnet18,4,0,unseen_p1_unseen_p2,12,120000,0.18648333333333333,0.0441,0.011508333333333334,0.011508333333333334,0.005122048300033766,0.009649999999999999,0.020144999999999996,0.0246,0.18648333333333333,0.012488309684976537,0.2078,0.0441,0.004886344608842446,0.0569,unseen_p1_unseen_p2_04,y18_x10,y10_x18,2,0.0046166666666666665
cifar100_resnet18_full_dyn_pr0.05_kc4_seed1,cifar100,resnet18,4,1,seen_p1_unseen_p2,12,120000,0.15411666666666668,0.040875,0.007675,0.0076749999999999995,0.002425667668161415,0.0075,0.011764999999999998,0.0127,0.15411666666666668,0.012469660149435678,0.1819,0.040875,0.002657793001037447,0.0463,seen_p1_unseen_p2_09,y18_x2,y10_x18,2,0.002958333333333333
cifar100_resnet18_full_dyn_pr0.05_kc4_seed1,cifar100,resnet18,4,1,unseen_p1_seen_p2,12,120000,0.16515833333333332,0.037475,0.005483333333333333,0.005483333333333333,0.0015080591580712026,0.00575,0.008025,0.0083,0.16515833333333332,0.010724522310475125,0.1805,0.037475,0.0017939925002376936,0.0404,unseen_p1_seen_p2_06,y18_x10,y10_x26,3,0.0020916666666666666
cifar100_resnet18_full_dyn_pr0.05_kc4_seed1,cifar100,resnet18,4,1,unseen_p1_unseen_p2,12,120000,0.18744166666666667,0.039841666666666664,0.0085,0.0085,0.001620886401717507,0.0085,0.010719999999999999,0.0116,0.18744166666666667,0.010290724714592024,0.2026,0.039841666666666664,0.001985153226663709,0.0436,unseen_p1_unseen_p2_08,y18_x18,y10_x10,3,0.003491666666666667
cifar100_resnet18_full_dyn_pr0.05_kc4_seed2,cifar100,resnet18,4,2,seen_p1_unseen_p2,12,120000,0.16291666666666665,0.04099166666666667,0.008708333333333334,0.008708333333333334,0.002655169343455186,0.00775,0.013039999999999998,0.0148,0.16291666666666665,0.011569303690317227,0.1833,0.04099166666666666,0.0029614057882067155,0.0481,seen_p1_unseen_p2_04,y18_x2,y18_x18,2,0.003425
cifar100_resnet18_full_dyn_pr0.05_kc4_seed2,cifar100,resnet18,4,2,unseen_p1_seen_p2,12,120000,0.18154166666666666,0.03861666666666667,0.008316666666666667,0.008316666666666667,0.004269518459825168,0.00685,0.016459999999999995,0.0191,0.18154166666666666,0.006746508636908336,0.1936,0.03861666666666667,0.005470720965173409,0.0514,unseen_p1_seen_p2_03,y18_x18,y10_x26,3,0.004166666666666667
cifar100_resnet18_full_dyn_pr0.05_kc4_seed2,cifar100,resnet18,4,2,unseen_p1_unseen_p2,12,120000,0.19809166666666667,0.041933333333333336,0.011641666666666666,0.011641666666666666,0.005652265568832205,0.009600000000000001,0.022379999999999997,0.0237,0.19809166666666667,0.013743260056103756,0.2227,0.041933333333333336,0.006741099631545601,0.0562,unseen_p1_unseen_p2_10,y10_x18,y18_x18,3,0.005991666666666667
cifar100_resnet18_full_dyn_pr0.05_kc8_seed0,cifar100,resnet18,8,0,seen_p1_unseen_p2,12,120000,0.15083333333333335,0.07773333333333333,0.011625,0.011625,0.002014098038599638,0.0112,0.014634999999999999,0.0148,0.15083333333333332,0.008801377302686347,0.1673,0.07773333333333333,0.0037166292972710267,0.0837,seen_p1_unseen_p2_12,y26_x26,y12_x21,4,0.003425
cifar100_resnet18_full_dyn_pr0.05_kc8_seed0,cifar100,resnet18,8,0,unseen_p1_seen_p2,12,120000,0.15023333333333333,0.07985,0.012433333333333333,0.012433333333333333,0.0018646634272623296,0.012,0.015534999999999997,0.0168,0.15023333333333333,0.01388899717129507,0.1799,0.07985,0.002560362190287646,0.0854,unseen_p1_seen_p2_02,y12_x7,y7_x26,4,0.002725
cifar100_resnet18_full_dyn_pr0.05_kc8_seed0,cifar100,resnet18,8,0,unseen_p1_unseen_p2,12,120000,0.14486666666666667,0.0806,0.011983333333333334,0.011983333333333334,0.0016964311916133788,0.011699999999999999,0.014415,0.0148,0.14486666666666667,0.019069220002799054,0.1797,0.0806,0.0012663476472266073,0.083,unseen_p1_unseen_p2_12,y12_x12,y12_x7,4,0.002425
cifar100_resnet18_full_dyn_pr0.05_kc8_seed1,cifar100,resnet18,8,1,seen_p1_unseen_p2,12,120000,0.14714166666666667,0.07614166666666666,0.010375,0.010375,0.0029055198251854097,0.0111,0.013659999999999999,0.0141,0.14714166666666667,0.010604498045069308,0.1628,0.07614166666666666,0.0035998632128895047,0.0807,seen_p1_unseen_p2_04,y26_x7,y16_x12,2,0.002533333333333333
cifar100_resnet18_full_dyn_pr0.05_kc8_seed1,cifar100,resnet18,8,1,unseen_p1_seen_p2,12,120000,0.158775,0.07774166666666667,0.011891666666666667,0.011891666666666667,0.002827610084130906,0.011699999999999999,0.015519999999999999,0.0164,0.158775,0.017477108404476357,0.1944,0.07774166666666667,0.003733012026216736,0.0848,unseen_p1_seen_p2_02,y12_x7,y7_x26,2,0.0024666666666666665
cifar100_resnet18_full_dyn_pr0.05_kc8_seed1,cifar100,resnet18,8,1,unseen_p1_unseen_p2,12,120000,0.162975,0.08063333333333333,0.014041666666666666,0.014041666666666668,0.002644877839878203,0.01455,0.017384999999999998,0.0181,0.162975,0.020390243879231693,0.2023,0.08063333333333333,0.0028224210539996688,0.0846,unseen_p1_unseen_p2_12,y12_x12,y12_x7,4,0.0028666666666666667
cifar100_resnet18_full_dyn_pr0.05_kc8_seed2,cifar100,resnet18,8,2,seen_p1_unseen_p2,12,120000,0.15848333333333334,0.081575,0.01485,0.01485,0.0038144462245521308,0.016050000000000002,0.019305000000000003,0.0198,0.15848333333333334,0.011803838615493095,0.1745,0.08157500000000001,0.0052220032728655195,0.0873,seen_p1_unseen_p2_04,y26_x7,y16_x12,3,0.0029083333333333335
cifar100_resnet18_full_dyn_pr0.05_kc8_seed2,cifar100,resnet18,8,2,unseen_p1_seen_p2,12,120000,0.1509,0.08130833333333333,0.014941666666666667,0.014941666666666667,0.0038441119871430603,0.014249999999999999,0.0212,0.0212,0.1509,0.012534244003021191,0.1689,0.08130833333333333,0.00363154320649033,0.0882,unseen_p1_seen_p2_02,y12_x7,y7_x26,3,0.003325
cifar100_resnet18_full_dyn_pr0.05_kc8_seed2,cifar100,resnet18,8,2,unseen_p1_unseen_p2,12,120000,0.156325,0.08118333333333333,0.015133333333333334,0.015133333333333334,0.0020772942774560164,0.0148,0.018435,0.0197,0.156325,0.018812719343330172,0.1985,0.08118333333333333,0.001438960062199804,0.0837,unseen_p1_unseen_p2_12,y12_x12,y12_x7,3,0.00295
cifar100_vgg11_full_dyn_pr0.05_kc4_seed0,cifar100,vgg11,4,0,seen_p1_unseen_p2,12,120000,0.29788333333333333,0.03709166666666667,0.01185,0.01185,0.002869114529226427,0.0114,0.015645,0.0157,0.29788333333333333,0.02815973377112444,0.3459,0.03709166666666667,0.003157518684414115,0.0417,seen_p1_unseen_p2_06,y18_x2,y18_x10,2,0.005516666666666666
cifar100_vgg11_full_dyn_pr0.05_kc4_seed0,cifar100,vgg11,4,0,unseen_p1_seen_p2,12,120000,0.37905,0.04645833333333333,0.020758333333333333,0.020758333333333333,0.004541617319720793,0.02035,0.027334999999999998,0.0308,0.37905,0.031915670132397336,0.4206,0.04645833333333333,0.004835937125189686,0.057,unseen_p1_seen_p2_11,y10_x18,y10_x26,1,0.01065
cifar100_vgg11_full_dyn_pr0.05_kc4_seed0,cifar100,vgg11,4,0,unseen_p1_unseen_p2,12,120000,0.45958333333333334,0.059366666666666665,0.035075,0.035075,0.01231806692331523,0.03225,0.05271999999999998,0.0723,0.45958333333333334,0.037948286183204956,0.5143,0.059366666666666665,0.01205044950752184,0.0961,unseen_p1_unseen_p2_09,y18_x10,y10_x18,1,0.015558333333333334
cifar100_vgg11_full_dyn_pr0.05_kc4_seed1,cifar100,vgg11,4,1,seen_p1_unseen_p2,12,120000,0.29611666666666664,0.0348,0.008525,0.008525,0.0012016087700926772,0.0087,0.010259999999999998,0.0107,0.29611666666666664,0.02104505268285738,0.3226,0.0348,0.00227516233187077,0.0379,seen_p1_unseen_p2_03,y18_x2,y18_x18,3,0.002683333333333333
cifar100_vgg11_full_dyn_pr0.05_kc4_seed1,cifar100,vgg11,4,1,unseen_p1_seen_p2,12,120000,0.3834,0.04015833333333333,0.013758333333333332,0.013758333333333334,0.002544676558598123,0.0133,0.01773,0.0185,0.3834,0.022127605136817434,0.4257,0.04015833333333333,0.0028436398996335445,0.0458,unseen_p1_seen_p2_02,y18_x10,y2_x2,2,0.0063416666666666665
cifar100_vgg11_full_dyn_pr0.05_kc4_seed1,cifar100,vgg11,4,1,unseen_p1_unseen_p2,12,120000,0.455325,0.04053333333333333,0.016541666666666666,0.016541666666666666,0.00280825352822495,0.0172,0.020539999999999996,0.0223,0.455325,0.02948821413255257,0.4932,0.04053333333333333,0.0038263044913605694,0.047,unseen_p1_unseen_p2_06,y18_x18,y18_x10,1,0.00645
cifar100_vgg11_full_dyn_pr0.05_kc4_seed2,cifar100,vgg11,4,2,seen_p1_unseen_p2,12,120000,0.333625,0.03924166666666667,0.0134,0.0134,0.006942752925304067,0.0125,0.02437499999999999,0.0307,0.333625,0.021656748895604643,0.3746,0.03924166666666667,0.007621078226427893,0.0578,seen_p1_unseen_p2_09,y18_x2,y10_x18,2,0.0069
cifar100_vgg11_full_dyn_pr0.05_kc4_seed2,cifar100,vgg11,4,2,unseen_p1_seen_p2,12,120000,0.4578083333333333,0.06965,0.045225,0.045225,0.05502325334884252,0.02975,0.12123999999999988,0.2187,0.4578083333333333,0.030255591769676776,0.5263,0.06965,0.05431986912556198,0.2408,unseen_p1_seen_p2_02,y18_x10,y2_x2,0,0.019066666666666666
cifar100_vgg11_full_dyn_pr0.05_kc4_seed2,cifar100,vgg11,4,2,unseen_p1_unseen_p2,12,120000,0.5282166666666667,0.06136666666666667,0.03874166666666667,0.03874166666666667,0.007889285983746141,0.037750000000000006,0.053505,0.054,0.5282166666666667,0.050628052470638236,0.5916,0.06136666666666667,0.007591183083423861,0.0756,unseen_p1_unseen_p2_11,y10_x10,y10_x18,1,0.023333333333333334
cifar100_vgg11_full_dyn_pr0.05_kc8_seed0,cifar100,vgg11,8,0,seen_p1_unseen_p2,12,120000,0.28635,0.08186666666666667,0.027108333333333335,0.02710833333333333,0.007974785073573893,0.02715,0.03924499999999999,0.0426,0.28635,0.02464900883126209,0.3277,0.08186666666666667,0.010748558747642177,0.1002,seen_p1_unseen_p2_03,y26_x2,y12_x16,7,0.0067083333333333335
cifar100_vgg11_full_dyn_pr0.05_kc8_seed0,cifar100,vgg11,8,0,unseen_p1_seen_p2,12,120000,0.41234166666666666,0.09538333333333333,0.047933333333333335,0.047933333333333335,0.024603301084253397,0.0406,0.09070499999999998,0.1044,0.41234166666666666,0.08717355164303338,0.5651,0.09538333333333333,0.021527860736236377,0.1461,unseen_p1_seen_p2_08,y12_x16,y2_x2,1,0.016475
cifar100_vgg11_full_dyn_pr0.05_kc8_seed0,cifar100,vgg11,8,0,unseen_p1_unseen_p2,12,120000,0.5087666666666667,0.12069166666666667,0.07723333333333333,0.07723333333333333,0.03444841554169557,0.06615,0.13451499999999994,0.1734,0.5087666666666667,0.07830162349801084,0.6473,0.12069166666666667,0.03215978455189404,0.2119,unseen_p1_unseen_p2_09,y12_x12,y7_x16,1,0.027225
cifar100_vgg11_full_dyn_pr0.05_kc8_seed1,cifar100,vgg11,8,1,seen_p1_unseen_p2,12,120000,0.2913833333333333,0.075075,0.022141666666666667,0.022141666666666667,0.006054218414135768,0.01985,0.032135,0.0367,0.2913833333333333,0.02613659341137469,0.3358,0.075075,0.00697255985338892,0.0945,seen_p1_unseen_p2_08,y26_x7,y12_x21,7,0.005058333333333333
cifar100_vgg11_full_dyn_pr0.05_kc8_seed1,cifar100,vgg11,8,1,unseen_p1_seen_p2,12,120000,0.36209166666666665,0.08840833333333334,0.0375,0.0375,0.01769766291709933,0.0335,0.06549,0.0689,0.36209166666666665,0.08654217530233801,0.5305,0.08840833333333334,0.014526681303620925,0.1169,unseen_p1_seen_p2_06,y21_x12,y2_x26,2,0.013833333333333333
cifar100_vgg11_full_dyn_pr0.05_kc8_seed1,cifar100,vgg11,8,1,unseen_p1_unseen_p2,12,120000,0.454125,0.10113333333333334,0.05565,0.05565,0.026660031371460776,0.045200000000000004,0.10650999999999998,0.1229,0.454125,0.0740873455640521,0.5769,0.10113333333333334,0.02362573070859718,0.1615,unseen_p1_unseen_p2_08,y16_x16,y12_x12,7,0.0226
cifar100_vgg11_full_dyn_pr0.05_kc8_seed2,cifar100,vgg11,8,2,seen_p1_unseen_p2,12,120000,0.29123333333333334,0.08781666666666667,0.032108333333333336,0.032108333333333336,0.016323683760571677,0.03,0.05727999999999997,0.0773,0.29123333333333334,0.026718033859798394,0.343,0.08781666666666667,0.01668433306119755,0.1316,seen_p1_unseen_p2_03,y26_x2,y12_x16,7,0.011241666666666667
cifar100_vgg11_full_dyn_pr0.05_kc8_seed2,cifar100,vgg11,8,2,unseen_p1_seen_p2,12,120000,0.3758666666666667,0.098675,0.04775,0.04775,0.021587096314065198,0.0413,0.08639,0.092,0.3758666666666667,0.08074314306190435,0.5322,0.098675,0.017610179132845558,0.1344,unseen_p1_seen_p2_08,y12_x16,y2_x2,7,0.021025
cifar100_vgg11_full_dyn_pr0.05_kc8_seed2,cifar100,vgg11,8,2,unseen_p1_unseen_p2,12,120000,0.46755,0.13704166666666667,0.09128333333333333,0.09128333333333334,0.026961448347032416,0.08915000000000001,0.12593,0.1322,0.46755,0.06086719522489479,0.5611,0.13704166666666667,0.024726851739954623,0.1742,unseen_p1_unseen_p2_07,y7_x16,y12_x12,7,0.05185833333333333
cifar10_resnet18_full_dyn_pr0.05_kc4_seed0,cifar10,resnet18,4,0,seen_p1_unseen_p2,12,120000,0.063175,0.39884166666666665,0.035758333333333336,0.035758333333333336,0.03267825126992884,0.02475,0.10015999999999997,0.1237,0.063175,0.026261555897962675,0.1273,0.39884166666666665,0.024875853876010087,0.4582,seen_p1_unseen_p2_09,y26_x26,y2_x10,0,0.014525
cifar10_resnet18_full_dyn_pr0.05_kc4_seed0,cifar10,resnet18,4,0,unseen_p1_seen_p2,12,120000,0.08243333333333333,0.4298666666666667,0.061108333333333334,0.061108333333333334,0.03550197070927788,0.05295,0.12452999999999999,0.1418,0.08243333333333333,0.02884098514687777,0.148,0.4298666666666667,0.029025359862566998,0.4939,unseen_p1_seen_p2_08,y18_x18,y10_x2,3,0.024366666666666665
cifar10_resnet18_full_dyn_pr0.05_kc4_seed0,cifar10,resnet18,4,0,unseen_p1_unseen_p2,12,120000,0.0796,0.40776666666666667,0.04471666666666667,0.04471666666666667,0.019335263748974936,0.044700000000000004,0.073,0.0752,0.0796,0.01928569889369275,0.1016,0.40776666666666667,0.024978366397320456,0.4501,unseen_p1_unseen_p2_10,y10_x10,y26_x18,2,0.02225
cifar10_resnet18_full_dyn_pr0.05_kc4_seed1,cifar10,resnet18,4,1,seen_p1_unseen_p2,12,120000,0.05184166666666667,0.3997,0.028033333333333334,0.028033333333333334,0.006802450538837702,0.02905,0.03755,0.0392,0.05184166666666667,0.00840567539153629,0.0623,0.3997,0.008977142691808503,0.41,seen_p1_unseen_p2_04,y26_x26,y10_x18,3,0.0101
cifar10_resnet18_full_dyn_pr0.05_kc4_seed1,cifar10,resnet18,4,1,unseen_p1_seen_p2,12,120000,0.06535833333333334,0.4004916666666667,0.03498333333333333,0.03498333333333333,0.012146217767708847,0.0332,0.05288999999999999,0.0618,0.06535833333333334,0.013522402848158267,0.0927,0.40049166666666663,0.011080241081503706,0.4133,unseen_p1_seen_p2_05,y10_x18,y10_x2,2,0.0203
cifar10_resnet18_full_dyn_pr0.05_kc4_seed1,cifar10,resnet18,4,1,unseen_p1_unseen_p2,12,120000,0.06895,0.4029,0.037066666666666664,0.037066666666666664,0.011725212410042133,0.03565,0.05356999999999999,0.0605,0.06895,0.014794317090755429,0.0933,0.4029,0.012401466188977963,0.4179,unseen_p1_unseen_p2_01,y10_x18,y18_x10,2,0.020258333333333333
cifar10_resnet18_full_dyn_pr0.05_kc4_seed2,cifar10,resnet18,4,2,seen_p1_unseen_p2,12,120000,0.04783333333333333,0.3969416666666667,0.0232,0.0232,0.005527123203719174,0.0225,0.03179,0.0341,0.04783333333333333,0.007505432376053704,0.0569,0.39694166666666664,0.008428788151150179,0.4103,seen_p1_unseen_p2_07,y26_x2,y18_x18,3,0.008166666666666666
cifar10_resnet18_full_dyn_pr0.05_kc4_seed2,cifar10,resnet18,4,2,unseen_p1_seen_p2,12,120000,0.05670833333333333,0.40615,0.03229166666666667,0.03229166666666667,0.00936108563375126,0.03275,0.04479999999999999,0.0503,0.05670833333333333,0.011960728036014993,0.0739,0.40615,0.010246817687812776,0.4313,unseen_p1_seen_p2_07,y10_x10,y2_x26,2,0.011058333333333333
cifar10_resnet18_full_dyn_pr0.05_kc4_seed2,cifar10,resnet18,4,2,unseen_p1_unseen_p2,12,120000,0.07209166666666667,0.4075,0.042291666666666665,0.042291666666666665,0.016686110627668387,0.0344,0.06871,0.0741,0.07209166666666667,0.017250636791057008,0.1079,0.4075,0.015170845245224319,0.4301,unseen_p1_unseen_p2_05,y10_x10,y18_x18,2,0.0186
cifar10_resnet18_full_dyn_pr0.05_kc8_seed0,cifar10,resnet18,8,0,seen_p1_unseen_p2,12,120000,0.03981666666666667,0.8011583333333333,0.035291666666666666,0.035291666666666666,0.004668746830756297,0.03665,0.04087,0.0423,0.03981666666666667,0.004903956349600584,0.0454,0.8011583333333333,0.0018865352240324323,0.8031,seen_p1_unseen_p2_12,y26_x21,y12_x16,5,0.007758333333333333
cifar10_resnet18_full_dyn_pr0.05_kc8_seed0,cifar10,resnet18,8,0,unseen_p1_seen_p2,12,120000,0.04041666666666666,0.8033916666666666,0.037175,0.037175,0.009192103824874516,0.0395,0.04787999999999999,0.0481,0.04041666666666666,0.009978051671118723,0.0527,0.8033916666666667,0.0014151507040423327,0.8052,unseen_p1_seen_p2_09,y16_x12,y2_x7,5,0.009583333333333333
cifar10_resnet18_full_dyn_pr0.05_kc8_seed0,cifar10,resnet18,8,0,unseen_p1_unseen_p2,12,120000,0.04955,0.8041833333333334,0.046016666666666664,0.046016666666666664,0.006056376554483462,0.0461,0.052599999999999994,0.0537,0.04955,0.006578822773939809,0.0577,0.8041833333333334,0.0012194136693385452,0.8058,unseen_p1_unseen_p2_07,y12_x16,y21_x21,5,0.012991666666666667
cifar10_resnet18_full_dyn_pr0.05_kc8_seed1,cifar10,resnet18,8,1,seen_p1_unseen_p2,12,120000,0.04588333333333333,0.79815,0.039858333333333336,0.039858333333333336,0.004621384745906465,0.04065,0.045945,0.046,0.04588333333333333,0.004937211825115529,0.0524,0.79815,0.002598076211353335,0.8022,seen_p1_unseen_p2_07,y26_x21,y7_x16,2,0.008591666666666666
cifar10_resnet18_full_dyn_pr0.05_kc8_seed1,cifar10,resnet18,8,1,unseen_p1_seen_p2,12,120000,0.05051666666666667,0.7991166666666667,0.0447,0.0447,0.01391180009266169,0.04725,0.062450000000000006,0.063,0.05051666666666667,0.014832202885082257,0.0699,0.7991166666666667,0.0016683325008322967,0.8011,unseen_p1_seen_p2_10,y16_x16,y12_x2,2,0.012741666666666667
cifar10_resnet18_full_dyn_pr0.05_kc8_seed1,cifar10,resnet18,8,1,unseen_p1_unseen_p2,12,120000,0.06481666666666666,0.80095,0.05898333333333333,0.05898333333333333,0.011918422205929268,0.05965,0.072585,0.0733,0.06481666666666666,0.012373860522990561,0.0811,0.80095,0.002037601085055196,0.8036,unseen_p1_unseen_p2_01,y12_x12,y26_x16,2,0.02005
cifar10_resnet18_full_dyn_pr0.05_kc8_seed2,cifar10,resnet18,8,2,seen_p1_unseen_p2,12,120000,0.046775,0.7982666666666667,0.0408,0.0408,0.005092418607373836,0.04035,0.04762999999999999,0.0506,0.046775,0.005641425512951653,0.0578,0.7982666666666667,0.002683055698040556,0.8038,seen_p1_unseen_p2_01,y21_x2,y12_x7,3,0.008658333333333334
cifar10_resnet18_full_dyn_pr0.05_kc8_seed2,cifar10,resnet18,8,2,unseen_p1_seen_p2,12,120000,0.05341666666666667,0.801875,0.0491,0.0491,0.01631023103342305,0.05305,0.06944999999999998,0.0799,0.05341666666666667,0.015793026846355227,0.0829,0.801875,0.0029183198777877157,0.8062,unseen_p1_seen_p2_04,y7_x16,y2_x21,2,0.0137
cifar10_resnet18_full_dyn_pr0.05_kc8_seed2,cifar10,resnet18,8,2,unseen_p1_unseen_p2,12,120000,0.06683333333333333,0.8037583333333334,0.06253333333333333,0.06253333333333333,0.01143164136257013,0.06175,0.07821,0.0836,0.06683333333333333,0.01097992658804183,0.0874,0.8037583333333334,0.0027546517131220158,0.8084,unseen_p1_unseen_p2_11,y7_x16,y21_x12,2,0.019533333333333333
cifar10_vgg11_full_dyn_pr0.05_kc4_seed0,cifar10,vgg11,4,0,seen_p1_unseen_p2,12,120000,0.15856666666666666,0.39986666666666665,0.08291666666666667,0.08291666666666667,0.027701422127370787,0.08485000000000001,0.119425,0.1252,0.15856666666666666,0.03547922140514292,0.2122,0.39986666666666665,0.016611788439283567,0.4185,seen_p1_unseen_p2_10,y18_x26,y18_x10,2,0.06585833333333334
cifar10_vgg11_full_dyn_pr0.05_kc4_seed0,cifar10,vgg11,4,0,unseen_p1_seen_p2,12,120000,0.15710833333333332,0.4116,0.08596666666666666,0.08596666666666666,0.04995342072795658,0.0689,0.16558,0.1702,0.15710833333333332,0.05605465609293281,0.2577,0.41159999999999997,0.04669962039946948,0.4889,unseen_p1_seen_p2_03,y10_x18,y10_x2,2,0.05225833333333333
cifar10_vgg11_full_dyn_pr0.05_kc4_seed0,cifar10,vgg11,4,0,unseen_p1_unseen_p2,12,120000,0.230625,0.436425,0.139925,0.139925,0.08065625292786441,0.1298,0.254025,0.2565,0.230625,0.07508187197985942,0.3355,0.436425,0.07098029335987945,0.5463,unseen_p1_unseen_p2_02,y10_x10,y18_x18,2,0.10285833333333333
cifar10_vgg11_full_dyn_pr0.05_kc4_seed1,cifar10,vgg11,4,1,seen_p1_unseen_p2,12,120000,0.16490833333333332,0.41160833333333335,0.09134166666666667,0.09134166666666667,0.034783654947620896,0.09129999999999999,0.14105,0.1438,0.16490833333333332,0.04241928074340581,0.2311,0.41160833333333335,0.025027892016465925,0.4603,seen_p1_unseen_p2_07,y26_x2,y10_x10,2,0.07416666666666667
cifar10_vgg11_full_dyn_pr0.05_kc4_seed1,cifar10,vgg11,4,1,unseen_p1_seen_p2,12,120000,0.21694166666666667,0.4503333333333333,0.134275,0.134275,0.07473531628353491,0.15239999999999998,0.228605,0.2302,0.21694166666666667,0.09774268127294362,0.3467,0.4503333333333333,0.04307474124511177,0.5105,unseen_p1_seen_p2_09,y10_x18,y2_x2,2,0.10599166666666666
cifar10_vgg11_full_dyn_pr0.05_kc4_seed1,cifar10,vgg11,4,1,unseen_p1_unseen_p2,12,120000,0.2957,0.49204166666666665,0.19658333333333333,0.19658333333333333,0.06791278944128984,0.1719,0.292365,0.3021,0.2957,0.06917770266100592,0.3921,0.49204166666666665,0.05135219670141294,0.5736,unseen_p1_unseen_p2_07,y10_x18,y18_x18,2,0.15698333333333334
cifar10_vgg11_full_dyn_pr0.05_kc4_seed2,cifar10,vgg11,4,2,seen_p1_unseen_p2,12,120000,0.118025,0.38655,0.051958333333333336,0.051958333333333336,0.023563703148287325,0.0475,0.09548499999999999,0.1083,0.118025,0.02722823150535288,0.1708,0.38655,0.024126880520207405,0.4345,seen_p1_unseen_p2_02,y18_x26,y10_x10,2,0.020141666666666665
cifar10_vgg11_full_dyn_pr0.05_kc4_seed2,cifar10,vgg11,4,2,unseen_p1_seen_p2,12,120000,0.160025,0.44274166666666664,0.10294166666666667,0.10294166666666667,0.048258667772240825,0.0925,0.177145,0.1827,0.160025,0.05333036189639069,0.2405,0.44274166666666664,0.044389750216040004,0.5185,unseen_p1_seen_p2_09,y10_x18,y2_x2,2,0.044033333333333334
cifar10_vgg11_full_dyn_pr0.05_kc4_seed2,cifar10,vgg11,4,2,unseen_p1_unseen_p2,12,120000,0.19761666666666666,0.44285833333333335,0.12215,0.12215000000000001,0.049673634857940484,0.11255,0.18162,0.1836,0.19761666666666666,0.05089036046127781,0.2702,0.44285833333333335,0.04360976659447105,0.5181,unseen_p1_unseen_p2_09,y18_x10,y10_x18,2,0.06804166666666667
cifar10_vgg11_full_dyn_pr0.05_kc8_seed0,cifar10,vgg11,8,0,seen_p1_unseen_p2,12,120000,0.09981666666666666,0.8046916666666667,0.0899,0.0899,0.018112426673419554,0.08925,0.11664499999999998,0.1332,0.09981666666666666,0.019446094879450888,0.1421,0.8046916666666667,0.00668069924665395,0.8143,seen_p1_unseen_p2_09,y16_x26,y16_x16,2,0.018266666666666667
cifar10_vgg11_full_dyn_pr0.05_kc8_seed0,cifar10,vgg11,8,0,unseen_p1_seen_p2,12,120000,0.14484166666666667,0.7959583333333333,0.12685833333333332,0.12685833333333332,0.05107022719805157,0.12775,0.21353499999999997,0.2346,0.14484166666666667,0.056253330541130596,0.2643,0.7959583333333333,0.008975467405740786,0.8081,unseen_p1_seen_p2_06,y12_x12,y2_x26,2,0.04114166666666667
cifar10_vgg11_full_dyn_pr0.05_kc8_seed0,cifar10,vgg11,8,0,unseen_p1_unseen_p2,12,120000,0.20331666666666667,0.8054666666666667,0.18701666666666666,0.18701666666666666,0.04396004039483076,0.18009999999999998,0.24951,0.2549,0.20331666666666667,0.046051844960244795,0.2667,0.8054666666666667,0.011318957013735318,0.8246,unseen_p1_unseen_p2_09,y7_x12,y26_x16,2,0.08711666666666666
cifar10_vgg11_full_dyn_pr0.05_kc8_seed1,cifar10,vgg11,8,1,seen_p1_unseen_p2,12,120000,0.11598333333333333,0.805925,0.10626666666666666,0.10626666666666666,0.028778759002030814,0.09715,0.15322999999999998,0.176,0.11598333333333334,0.03203267744417292,0.1864,0.805925,0.008226467815975013,0.8154,seen_p1_unseen_p2_09,y16_x26,y16_x16,2,0.0331
cifar10_vgg11_full_dyn_pr0.05_kc8_seed1,cifar10,vgg11,8,1,unseen_p1_seen_p2,12,120000,0.20119166666666666,0.813025,0.19094166666666668,0.19094166666666668,0.08559888973720643,0.2015,0.33486499999999997,0.3369,0.20119166666666666,0.08717931842246796,0.3523,0.813025,0.012927076938806301,0.8503,unseen_p1_seen_p2_06,y12_x12,y2_x26,2,0.08456666666666666
cifar10_vgg11_full_dyn_pr0.05_kc8_seed1,cifar10,vgg11,8,1,unseen_p1_unseen_p2,12,120000,0.26615,0.8114583333333333,0.252475,0.252475,0.05793149755608695,0.25375000000000003,0.336205,0.3455,0.26615,0.06020150254844898,0.3543,0.8114583333333334,0.007882715076018983,0.823,unseen_p1_unseen_p2_11,y12_x16,y7_x21,2,0.151225
cifar10_vgg11_full_dyn_pr0.05_kc8_seed2,cifar10,vgg11,8,2,seen_p1_unseen_p2,12,120000,0.1068,0.7992833333333333,0.09491666666666666,0.09491666666666666,0.019364580287136866,0.09255,0.12176499999999998,0.1315,0.1068,0.019901530320327356,0.1393,0.7992833333333333,0.005852246395939587,0.8102,seen_p1_unseen_p2_09,y16_x26,y16_x16,2,0.025966666666666666
cifar10_vgg11_full_dyn_pr0.05_kc8_seed2,cifar10,vgg11,8,2,unseen_p1_seen_p2,12,120000,0.17545,0.8075916666666667,0.1641,0.1641,0.09576904984957776,0.13824999999999998,0.3278,0.3861,0.17545,0.09489067872605249,0.391,0.8075916666666667,0.020526411293893047,0.8683,unseen_p1_seen_p2_03,y16_x21,y12_x2,2,0.07286666666666666
cifar10_vgg11_full_dyn_pr0.05_kc8_seed2,cifar10,vgg11,8,2,unseen_p1_unseen_p2,12,120000,0.230475,0.813225,0.21884166666666666,0.21884166666666666,0.04437088435886622,0.218,0.289065,0.2933,0.230475,0.04394970524257349,0.3068,0.813225,0.008136017006328879,0.8243,unseen_p1_unseen_p2_09,y7_x12,y26_x16,2,0.1198
gtsrb_resnet18_full_dyn_pr0.05_kc4_seed0,gtsrb,resnet18,4,0,seen_p1_unseen_p2,12,151560,0.059672736869886514,0.15544338875692795,0.009026128266033254,0.009026128266033254,0.009769245805344216,0.003167062549485352,0.02443784639746635,0.02517814726840855,0.059672736869886514,0.05165486358767107,0.14829770387965163,0.15544338875692795,0.006664794701339484,0.17410926365795726,seen_p1_unseen_p2_12,y18_x2,y10_x10,2,0.004526260226972816
gtsrb_resnet18_full_dyn_pr0.05_kc4_seed0,gtsrb,resnet18,4,0,unseen_p1_seen_p2,12,151560,0.04321720770651887,0.16358537872789655,0.013064133016627079,0.013064133016627079,0.01070042638805165,0.012945368171021378,0.02773555027711797,0.030958036421219318,0.04321720770651887,0.03622383577310104,0.1056215360253365,0.16358537872789655,0.011447790069461092,0.18424386381631036,unseen_p1_seen_p2_09,y18_x18,y26_x26,1,0.007838479809976246
gtsrb_resnet18_full_dyn_pr0.05_kc4_seed0,gtsrb,resnet18,4,0,unseen_p1_unseen_p2,12,151560,0.1065782528371602,0.15321324887833201,0.012740828714700449,0.012740828714700449,0.01009851611319833,0.012945368171021376,0.02672209026128266,0.027157561361836897,0.1065782528371602,0.11548540448782005,0.44885193982581156,0.15321324887833201,0.027246182619831312,0.18163103721298496,unseen_p1_unseen_p2_05,y2_x10,y10_x10,1,0.006565056743204012
gtsrb_resnet18_full_dyn_pr0.05_kc4_seed1,gtsrb,resnet18,4,1,seen_p1_unseen_p2,12,151560,0.05378068091844814,0.16003562945368172,0.009184481393507521,0.009184481393507523,0.010204370522642838,0.006769596199524941,0.02579968329374504,0.037688044338875695,0.05378068091844814,0.049539630492982996,0.1519398258115598,0.16003562945368172,0.008121336493839771,0.1753760886777514,seen_p1_unseen_p2_11,y10_x2,y10_x10,2,0.005463182897862233
gtsrb_resnet18_full_dyn_pr0.05_kc4_seed1,gtsrb,resnet18,4,1,unseen_p1_seen_p2,12,151560,0.058762206386909474,0.1743138031142782,0.023845341778833466,0.023845341778833466,0.023879526407865496,0.015201900237529691,0.06335708630245446,0.07537608867775139,0.058762206386909474,0.04638805452909615,0.11860649247822644,0.1743138031142782,0.01999151458282702,0.22984956452889946,unseen_p1_seen_p2_01,y10_x18,y18_x26,2,0.010253365003958828
gtsrb_resnet18_full_dyn_pr0.05_kc4_seed1,gtsrb,resnet18,4,1,unseen_p1_unseen_p2,12,151560,0.13140670361572973,0.17688044338875694,0.028932435998944312,0.028932435998944312,0.03154111319147907,0.010372129849564529,0.0801266825019794,0.09144893111638955,0.13140670361572973,0.13253582876861048,0.51243072050673,0.17688044338875694,0.026389442982091248,0.234916864608076,unseen_p1_unseen_p2_01,y10_x18,y10_x10,3,0.012127210345737662
gtsrb_resnet18_full_dyn_pr0.05_kc4_seed2,gtsrb,resnet18,4,2,seen_p1_unseen_p2,12,151560,0.05936262866191607,0.173812351543943,0.025659804697809447,0.025659804697809447,0.02355425549073807,0.020902612826603325,0.060451306413301646,0.06872525732383214,0.05936262866191607,0.060739850046576324,0.22240696753760886,0.17381235154394298,0.014104791747497712,0.19540775930324625,seen_p1_unseen_p2_05,y18_x2,y18_x10,2,0.010240168910002638
gtsrb_resnet18_full_dyn_pr0.05_kc4_seed2,gtsrb,resnet18,4,2,unseen_p1_seen_p2,12,151560,0.07279625230931644,0.18209949854842966,0.035662443916600686,0.035662443916600686,0.034065425697249,0.026642913697545526,0.09479018210609659,0.09635787806809185,0.07279625230931644,0.0537882609523469,0.15027711797307997,0.18209949854842966,0.02786502676505924,0.2501187648456057,unseen_p1_seen_p2_01,y10_x18,y18_x26,1,0.019668778041699655
gtsrb_resnet18_full_dyn_pr0.05_kc4_seed2,gtsrb,resnet18,4,2,unseen_p1_unseen_p2,12,151560,0.18305621536025338,0.28941673264713647,0.14935998944312484,0.14935998944312484,0.18412342781727256,0.08198733174980205,0.4742755344418049,0.669279493269992,0.18305621536025335,0.18608034596132644,0.6961995249406175,0.28941673264713647,0.17084643773158065,0.7783056215360253,unseen_p1_unseen_p2_04,y10_x10,y18_x18,2,0.09204275534441805
gtsrb_resnet18_full_dyn_pr0.05_kc8_seed0,gtsrb,resnet18,8,0,seen_p1_unseen_p2,12,151560,0.01801266825019794,0.3054301926629718,0.0030878859857482186,0.0030878859857482186,0.002124261879200209,0.0024940617577197148,0.0066310372129849545,0.008155186064924783,0.01801266825019794,0.012014671493320965,0.05320665083135392,0.3054301926629718,0.0014064438562453468,0.307680126682502,seen_p1_unseen_p2_07,y7_x2,y12_x7,5,0.001405384006334125
gtsrb_resnet18_full_dyn_pr0.05_kc8_seed0,gtsrb,resnet18,8,0,unseen_p1_seen_p2,12,151560,0.10440089733438902,0.2563209290050145,0.004955133280548958,0.004955133280548958,0.0050819511184902405,0.002612826603325416,0.01389548693586698,0.016943784639746634,0.10440089733438902,0.15990024998460356,0.3765637371338084,0.2563209290050145,0.08978535580562201,0.3083927157561362,unseen_p1_seen_p2_12,y16_x12,y26_x26,5,0.0018870414357350224
gtsrb_resnet18_full_dyn_pr0.05_kc8_seed0,gtsrb,resnet18,8,0,unseen_p1_unseen_p2,12,151560,0.058801794668778044,0.29932699920823436,0.014436526788070732,0.014436526788070732,0.020892040554272222,0.002652414885193983,0.05265241488519397,0.06397466349960412,0.058801794668778044,0.08853297745441911,0.30942201108471895,0.29932699920823436,0.023210472803859333,0.31353919239904987,unseen_p1_unseen_p2_03,y12_x12,y26_x16,5,0.007785695434151491
gtsrb_resnet18_full_dyn_pr0.05_kc8_seed1,gtsrb,resnet18,8,1,seen_p1_unseen_p2,12,151560,0.020420955397202428,0.30610979150171547,0.005245447347585115,0.005245447347585115,0.005323021542216667,0.002652414885193983,0.014663499604117176,0.0171021377672209,0.020420955397202428,0.011420975541150413,0.044972288202692,0.30610979150171547,0.0008546491235176315,0.30815518606492476,seen_p1_unseen_p2_07,y7_x2,y12_x7,1,0.0023950910530482978
gtsrb_resnet18_full_dyn_pr0.05_kc8_seed1,gtsrb,resnet18,8,1,unseen_p1_seen_p2,12,151560,0.13237661652150964,0.2496569015571391,0.003939034045922407,0.003939034045922407,0.0029156147166868288,0.0031274742676167854,0.008361045130641327,0.010451306413301662,0.13237661652150964,0.20859392776027144,0.4885985748218527,0.2496569015571391,0.10341068673486845,0.30815518606492476,unseen_p1_seen_p2_12,y16_x12,y26_x26,1,0.0013723937714436526
gtsrb_resnet18_full_dyn_pr0.05_kc8_seed1,gtsrb,resnet18,8,1,unseen_p1_unseen_p2,12,151560,0.08027183953549749,0.28594615993665873,0.011856690419635788,0.011856690419635788,0.013871175422196682,0.0057403008709422014,0.036096595407759294,0.04489311163895487,0.08027183953549749,0.1324341487815442,0.44623911322248616,0.28594615993665873,0.05638882991271542,0.3128266033254157,unseen_p1_unseen_p2_10,y12_x7,y7_x12,1,0.005225653206650831
gtsrb_resnet18_full_dyn_pr0.05_kc8_seed2,gtsrb,resnet18,8,2,seen_p1_unseen_p2,12,151560,0.01811823700184745,0.3057468989179203,0.0034705727104776987,0.0034705727104776987,0.003821237184904779,0.0026920031670625497,0.009311163895486928,0.014885193982581157,0.01811823700184745,0.013243560113400554,0.0555027711797308,0.3057468989179203,0.0011189407712029237,0.30783847980997625,seen_p1_unseen_p2_07,y7_x2,y12_x7,5,0.0011744523621008182
gtsrb_resnet18_full_dyn_pr0.05_kc8_seed2,gtsrb,resnet18,8,2,unseen_p1_seen_p2,12,151560,0.08315518606492478,0.2936922670889417,0.024874637107416206,0.024874637107416206,0.04052598287534672,0.0030482977038796518,0.09419239904988122,0.10190023752969121,0.08315518606492478,0.12195921551997235,0.29524940617577194,0.2936922670889417,0.022704299837221047,0.3072842438638163,unseen_p1_seen_p2_10,y16_x12,y16_x26,5,0.018474531538664556
gtsrb_resnet18_full_dyn_pr0.05_kc8_seed2,gtsrb,resnet18,8,2,unseen_p1_unseen_p2,12,151560,0.057541567695962,0.2972882026920032,0.013565584586962259,0.013565584586962259,0.021825287694333263,0.003919239904988124,0.05792161520190023,0.06832937450514648,0.057541567695962,0.09118373119850197,0.31512272367379257,0.2972882026920032,0.02834991669296008,0.3106096595407759,unseen_p1_unseen_p2_03,y12_x12,y26_x16,1,0.006116389548693587
gtsrb_vgg11_full_dyn_pr0.05_kc4_seed0,gtsrb,vgg11,4,0,seen_p1_unseen_p2,12,151560,0.1077724993401953,0.165782528371602,0.026464766429136977,0.026464766429136977,0.04083775194285911,0.007719714964370546,0.10676959619952492,0.12984956452889945,0.1077724993401953,0.1197931149282326,0.37252573238321457,0.165782528371602,0.03676453306011053,0.26357878068091845,seen_p1_unseen_p2_04,y18_x2,y10_x18,2,0.017135128002111377
gtsrb_vgg11_full_dyn_pr0.05_kc4_seed0,gtsrb,vgg11,4,0,unseen_p1_seen_p2,12,151560,0.20591185009237264,0.16784771707574558,0.041270783847980996,0.041270783847980996,0.0662034372944742,0.030007917656373714,0.13444180522565305,0.2467933491686461,0.20591185009237264,0.17516578100068614,0.5243072050673001,0.16784771707574558,0.052032968512059935,0.3171021377672209,unseen_p1_seen_p2_10,y18_x10,y10_x26,2,0.026214040643969386
gtsrb_vgg11_full_dyn_pr0.05_kc4_seed0,gtsrb,vgg11,4,0,unseen_p1_unseen_p2,12,151560,0.28657297439957774,0.1299089469517023,0.021648192135128003,0.021648192135128003,0.014895468776982815,0.019279493269992082,0.04510688836104512,0.05146476642913698,0.28657297439957774,0.15642350362523016,0.6033254156769596,0.1299089469517023,0.040864397848925746,0.16967537608867775,unseen_p1_unseen_p2_07,y10_x18,y2_x18,1,0.012879387701240433
gtsrb_vgg11_full_dyn_pr0.05_kc4_seed1,gtsrb,vgg11,4,1,seen_p1_unseen_p2,12,151560,0.12312615465822116,0.15783847980997626,0.018903404592240696,0.018903404592240696,0.02839725862124965,0.005463182897862233,0.07750197941409342,0.07893903404592241,0.12312615465822116,0.147300955803314,0.4611243072050673,0.15783847980997626,0.01974959357782759,0.2075217735550277,seen_p1_unseen_p2_04,y18_x2,y10_x18,2,0.008907363420427554
gtsrb_vgg11_full_dyn_pr0.05_kc4_seed1,gtsrb,vgg11,4,1,unseen_p1_seen_p2,12,151560,0.19202955925046186,0.15839931380311428,0.03683029823172341,0.03683029823172341,0.07434701053695991,0.010095011876484561,0.15279097387173382,0.2657957244655582,0.19202955925046186,0.14491804768527872,0.3949326999208234,0.15839931380311428,0.06809479469080876,0.3555027711797308,unseen_p1_seen_p2_10,y18_x10,y10_x26,2,0.027144365267880707
gtsrb_vgg11_full_dyn_pr0.05_kc4_seed1,gtsrb,vgg11,4,1,unseen_p1_unseen_p2,12,151560,0.31022037476906833,0.11820401161256268,0.017735550277117974,0.017735550277117974,0.019768067474557376,0.00843230403800475,0.053262074425969905,0.06223277909738718,0.31022037476906833,0.1647148494474249,0.594140934283452,0.11820401161256268,0.04547184957935717,0.18273950910530484,unseen_p1_unseen_p2_11,y26_x18,y18_x10,3,0.010537081024016891
gtsrb_vgg11_full_dyn_pr0.05_kc4_seed2,gtsrb,vgg11,4,2,seen_p1_unseen_p2,12,151560,0.12078384798099763,0.1601741884402217,0.024676695698073372,0.02467669569807337,0.04376453619822656,0.00665083135391924,0.11412905779889149,0.1376880443388757,0.12078384798099763,0.1380831161567032,0.4273950910530483,0.1601741884402217,0.04032020439212504,0.23262074425969914,seen_p1_unseen_p2_03,y18_x2,y10_x10,2,0.011922670889416733
gtsrb_vgg11_full_dyn_pr0.05_kc4_seed2,gtsrb,vgg11,4,2,unseen_p1_seen_p2,12,151560,0.22654394299287411,0.14526920031670626,0.0306215360253365,0.0306215360253365,0.06223845769171854,0.00934283452098179,0.12212589073634192,0.22406967537608868,0.22654394299287411,0.18575203257657927,0.49778305621536023,0.14526920031670626,0.05163211748918737,0.2604117181314331,unseen_p1_seen_p2_10,y18_x10,y10_x26,3,0.02067168118237002
gtsrb_vgg11_full_dyn_pr0.05_kc4_seed2,gtsrb,vgg11,4,2,unseen_p1_unseen_p2,12,151560,0.3231723409870678,0.10226972816046451,0.00907891264185801,0.00907891264185801,0.00801141729750406,0.006175771971496437,0.022042755344418054,0.022565320665083134,0.3231723409870678,0.16894797687890808,0.5558986539984164,0.10226972816046451,0.04942701905057422,0.17513855898654,unseen_p1_unseen_p2_04,y26_x18,y2_x10,1,0.0065782528371602
gtsrb_vgg11_full_dyn_pr0.05_kc8_seed0,gtsrb,vgg11,8,0,seen_p1_unseen_p2,12,151560,0.12335708630245447,0.33329374505146475,0.06159276854051201,0.06159276854051201,0.10947228284370936,0.010174188440221693,0.28801662707838477,0.3262074425969913,0.12335708630245447,0.1538180662206105,0.5295328582739509,0.33329374505146475,0.0763654384421378,0.5373713380839271,seen_p1_unseen_p2_06,y2_x7,y21_x21,4,0.029374505146476642
gtsrb_vgg11_full_dyn_pr0.05_kc8_seed0,gtsrb,vgg11,8,0,unseen_p1_seen_p2,12,151560,0.1991554499868039,0.2867247294800739,0.05709949854842967,0.05709949854842967,0.14743448443195084,0.016547901821060966,0.2528701504354708,0.5243863816310372,0.1991554499868039,0.25705108398013615,0.7216943784639747,0.2867247294800739,0.1357913567323985,0.5814726840855107,unseen_p1_seen_p2_02,y16_x7,y12_x26,6,0.0436592768540512
gtsrb_vgg11_full_dyn_pr0.05_kc8_seed0,gtsrb,vgg11,8,0,unseen_p1_unseen_p2,12,151560,0.41164555291633675,0.2584389020849828,0.0790643969385062,0.0790643969385062,0.09481310007861536,0.0332541567695962,0.25821852731591444,0.28321456848772764,0.41164555291633675,0.30893356554878154,0.7803642121931909,0.2584389020849828,0.13608679551449726,0.4644497228820269,unseen_p1_unseen_p2_11,y26_x16,y12_x12,5,0.031406703615729746
gtsrb_vgg11_full_dyn_pr0.05_kc8_seed1,gtsrb,vgg11,8,1,seen_p1_unseen_p2,12,151560,0.09323040380047506,0.32172736869886515,0.044840327263130114,0.044840327263130114,0.09010067358186008,0.008788598574821851,0.18612826603325397,0.32304038004750596,0.09323040380047506,0.11861691163330762,0.4561361836896279,0.32172736869886515,0.05400578753731086,0.48582739509105305,seen_p1_unseen_p2_03,y2_x2,y12_x12,5,0.022149643705463185
gtsrb_vgg11_full_dyn_pr0.05_kc8_seed1,gtsrb,vgg11,8,1,unseen_p1_seen_p2,12,151560,0.2042887305357614,0.294206914753233,0.06586830298231723,0.06586830298231723,0.15359545233540794,0.016349960411718132,0.2854473475851145,0.5500395882818686,0.2042887305357614,0.24411464017989856,0.6840063341250989,0.2942069147532331,0.12880480782109244,0.6034837688044339,unseen_p1_seen_p2_02,y16_x7,y12_x26,6,0.04583663235682238
gtsrb_vgg11_full_dyn_pr0.05_kc8_seed1,gtsrb,vgg11,8,1,unseen_p1_unseen_p2,12,151560,0.39313803114278173,0.302724993401953,0.11810504090789127,0.11810504090789127,0.16644029752216402,0.030641330166270783,0.43841250989707037,0.5057798891528108,0.39313803114278173,0.26572486807394674,0.7547901821060966,0.302724993401953,0.1639252404997475,0.5766429136975455,unseen_p1_unseen_p2_01,y7_x12,y16_x12,5,0.06595407759303246
gtsrb_vgg11_full_dyn_pr0.05_kc8_seed2,gtsrb,vgg11,8,2,seen_p1_unseen_p2,12,151560,0.09668118237001848,0.32112694642385853,0.047532330430192664,0.047532330430192664,0.08093940047649192,0.016429136975455266,0.1732977038796515,0.29588281868566907,0.09668118237001848,0.12207664179151383,0.4731591448931116,0.32112694642385853,0.04379290848914574,0.45566112430720507,seen_p1_unseen_p2_03,y2_x2,y12_x12,5,0.020783847980997625
gtsrb_vgg11_full_dyn_pr0.05_kc8_seed2,gtsrb,vgg11,8,2,unseen_p1_seen_p2,12,151560,0.19742016363156506,0.2819741356558459,0.05370150435471101,0.053701504354711,0.11721025360934836,0.0220110847189232,0.22299287410926338,0.4220902612826603,0.19742016363156506,0.25238873728165434,0.7728424386381632,0.2819741356558459,0.1265077130996504,0.5353127474267617,unseen_p1_seen_p2_02,y16_x7,y12_x26,6,0.03281208762206387
gtsrb_vgg11_full_dyn_pr0.05_kc8_seed2,gtsrb,vgg11,8,2,unseen_p1_unseen_p2,12,151560,0.41233834784903667,0.29574425969912904,0.11871206122987596,0.11871206122987596,0.14014954200016166,0.04457640538400633,0.3515914489311164,0.3771971496437055,0.41233834784903667,0.3015423336185567,0.7989707046714173,0.29574425969912904,0.1568332848614318,0.5215360253365003,unseen_p1_unseen_p2_11,y26_x16,y12_x12,7,0.03611111111111111
